Temáticas: blueprint-parach, ego-transformado-keller, olhe-para-jesus, biblia, jornada-180, devocional-anual, seja-um-lider-de-verdade, o-desafio-de-todo-lider, autoridade-espiritual, discipulado-contemplacao, lideranca-com-propositos, igreja-simples, contentamento, campo-batalha-mente, discipulado-bonhoeffer, oracao-keller, cristao-sociedade-nao-crista, cultura-da-honra, trelica-videira, igreja-com-propositos, jesuscopy, adoracao-biblica, carta-aos-pecadores, o-cuidado-do-corpo, corajosas, pregacao-keller, proverbios-para-criancas, herois-da-fe, os-outros-da-biblia, aqueles-da-biblia, nos-e-a-biblia, construindo-pontes, o-discipulo-radical, eu-meu-pavio-curto, cristianismo-puro-simples, problema-do-sofrimento, enigma-biblia-gutenberg, garota-segundo-coracao-de-deus, cartas-diabo-aprendiz, graca-transformadora, homem-espiritual-vol-1, homem-espiritual-vol-2, homem-espiritual-vol-3, pregos-bem-fixados, descubra-seus-dons, o-monge-e-o-executivo, presenca-relacional-de-deus, o-deus-prodigo, o-profeta-prodigo, encontros-com-jesus, o-natal-escondido, a-cruz-do-rei, o-significado-do-casamento, galatas-para-voce, o-evangelho-no-centro, fe-e-trabalho, peregrinos-da-eternidade, mundo-plural, evangelho-segundo-os-apostolos, depressao, igreja-centrada, 90-dias-galatas-juizes-efesios, mais-que-um-carpinteiro, o-silencio-de-adao, o-custo-do-discipulado, garota-que-ora, os-5-niveis-da-lideranca, 5-linguagens-do-amor-pratica, moises, davi, elias, ester, jo, vida-de-jesus, paulo, quatro-amores, santificacao, pastor-aprovado, lugar-mais-seguro, questao-de-honra, graca-livre, medita-estas-coisas, redescobrindo-ministerio, maturidade, quebrando-intimidacao, fe-ceticismo, cristao-inutil, milagres, o-deus-que-destroi-sonhos, peso-da-gloria, grande-divorcio, os-clas-da-lua, a-lideranca-pastoral, maturidade-espiritual-do-lider, ate-que-sejamos-um, qual-a-missao-da-igreja, esperanca-em-tempos-de-medo, cosmovisoes-em-conflito, chega-de-regras, nao-apagueis-o-espirito, para-que-todos-sejam-um, o-espirito-santo-consolador, surpreendido-por-deus, a-obra-consumada-de-cristo, ate-que-nada-mais-importe, como-orar-lewis, reflexoes-cristas-lewis, paixao-pelas-almas, cristao-contagiante, as-cronicas-de-narnia, plantar-igrejas, pastoreando-coracao-crianca, o-ego-e-seu-inimigo, louco-amor, ken-ham-origem, kriptonita, o-pastor-descartavel, o-pastor-imperfeito, o-pastor-e-o-aconselhamento, pregacao-cristocentrica, psicologia-pastoral, o-pastor-segundo-deus, o-agir-invisivel-de-deus, idolos-do-coracao, lideranca-corajosa, o-fator-melquesedeque, o-lider-que-deus-usa, a-historia-do-avivamento-azusa, ministerio-vocacao-ou-profissao, a-transicao, fogo-no-parquinho, nascimento-casamento-morte, como-flechas, a-cultura-do-jejum, 99-nao-e-100, manso-e-humilde, meu-amigo-espirito-santo, o-que-cristo-pensa-da-igreja, temperamentos-transformados, temperamento-controlado-espirito, o-evangelho-stott, o-discipulo-stott, a-biblia-stott, a-igreja-stott, o-mundo-stott, o-problema-da-dor, o-grande-abismo, prefacio-ao-paraiso-perdido, perdoar, uma-vida-com-propositos, a-divina-revelacao-do-ceu, a-divina-revelacao-do-inferno, a-anatomia-de-uma-dor, entendes-o-que-les, cansei, o-jonas-que-vive-em-mim, nada-mais-importa
Backend: edge  Voz: pt-BR-AntonioNeural


=== O Blueprint de Parach — 21 aulas ===
· já tem leitura, pulando: [blueprint-parach #1] Prefácio — por Dr. Silmar Coelho
· já tem leitura, pulando: [blueprint-parach #2] Introdução — A Grande Inversão
· já tem leitura, pulando: [blueprint-parach #3] Capítulo 1 — A Epidemia do Esforço
· já tem leitura, pulando: [blueprint-parach #4] Capítulo 2 — O Ecossistema do Jardim
· já tem leitura, pulando: [blueprint-parach #5] Capítulo 3 — As Oito Dimensões da Liderança Hebraica
· já tem leitura, pulando: [blueprint-parach #6] Capítulo 4 — A Arquitetura do Vaso Vazio
· já tem leitura, pulando: [blueprint-parach #7] Capítulo 5 — O Apóstolo
· já tem leitura, pulando: [blueprint-parach #8] Capítulo 6 — O Profeta
· já tem leitura, pulando: [blueprint-parach #9] Capítulo 7 — O Evangelista
· já tem leitura, pulando: [blueprint-parach #10] Capítulo 8 — O Pastor
· já tem leitura, pulando: [blueprint-parach #11] Capítulo 9 — O Mestre
· já tem leitura, pulando: [blueprint-parach #12] Capítulo 10 — Quando o Jardim Desmorona
· já tem leitura, pulando: [blueprint-parach #13] Capítulo 11 — Líderes Parach na Bíblia
· já tem leitura, pulando: [blueprint-parach #14] Capítulo 12 — As Escrituras do Descanso
· já tem leitura, pulando: [blueprint-parach #15] Capítulo 13 — O Florescimento Final
· já tem leitura, pulando: [blueprint-parach #16] Capítulo 14 — A Vida Interior de um Líder Parach
· pulando (sem conteúdo): [blueprint-parach #17] Apêndice A — Avaliação de Liderança Parach
· já tem leitura, pulando: [blueprint-parach #18] Apêndice B — Ritmos para a Liderança Parach
· já tem leitura, pulando: [blueprint-parach #19] Apêndice C — Guias de Discussão para Equipes
· já tem leitura, pulando: [blueprint-parach #20] Apêndice D — Cartões de Referência Rápida
· já tem leitura, pulando: [blueprint-parach #21] Apêndice E — Os Frameworks de Restauração

=== Ego Transformado — 4 aulas ===
· já tem leitura, pulando: [ego-transformado-keller #0] Introdução: A liberdade resultante do autoesquecimento
· já tem leitura, pulando: [ego-transformado-keller #1] A condição natural do ego humano
· já tem leitura, pulando: [ego-transformado-keller #2] A visão transformada do eu
· já tem leitura, pulando: [ego-transformado-keller #3] Como alcançar uma visão transformada do eu

=== Olhe para Jesus — 7 aulas ===
· já tem leitura, pulando: [olhe-para-jesus #1] Deus quer que você se pareça com Jesus
· já tem leitura, pulando: [olhe-para-jesus #2] O método de copiar Jesus
· já tem leitura, pulando: [olhe-para-jesus #3] Inimigos da visão
· já tem leitura, pulando: [olhe-para-jesus #4] Olhe para Jesus em família
· já tem leitura, pulando: [olhe-para-jesus #5] Olhe para Jesus na Bíblia
· já tem leitura, pulando: [olhe-para-jesus #6] Olhe para Jesus na oração
· já tem leitura, pulando: [olhe-para-jesus #7] Olhe para a humildade, santidade e identidade de Jesus

=== Bíblia — interface custom (/biblia), pulando ===

=== Jornada 180º — Leitura da Bíblia em 6 meses — interface custom (/planos/jornada-180), pulando ===

=== Devocional Anual — 365 dias com Cristo — interface custom (/devocional), pulando ===

=== Seja um Líder de Verdade — 14 aulas ===
· já tem leitura, pulando: [seja-um-lider-de-verdade #0] Apresentação do curso
· já tem leitura, pulando: [seja-um-lider-de-verdade #1] 1. Um Chamado à Liderança
· já tem leitura, pulando: [seja-um-lider-de-verdade #2] 2. O Princípio da Visão
· já tem leitura, pulando: [seja-um-lider-de-verdade #3] 3. O Princípio do Estabelecimento de Metas
· já tem leitura, pulando: [seja-um-lider-de-verdade #4] 4. O Princípio do Amor
· já tem leitura, pulando: [seja-um-lider-de-verdade #5] 5. O Princípio da Humildade
· já tem leitura, pulando: [seja-um-lider-de-verdade #6] 6. O Princípio do Autocontrole
· já tem leitura, pulando: [seja-um-lider-de-verdade #7] 7. O Princípio da Comunicação
· já tem leitura, pulando: [seja-um-lider-de-verdade #8] 8. O Princípio do Investimento
· já tem leitura, pulando: [seja-um-lider-de-verdade #9] 9. O Princípio da Oportunidade
· já tem leitura, pulando: [seja-um-lider-de-verdade #10] 10. O Princípio da Energia
· já tem leitura, pulando: [seja-um-lider-de-verdade #11] 11. O Princípio do Poder da Persistência
· já tem leitura, pulando: [seja-um-lider-de-verdade #12] 12. O Princípio da Autoridade
· já tem leitura, pulando: [seja-um-lider-de-verdade #13] 13. O Princípio da Conscientização

=== O Desafio de Todo Líder — 12 aulas ===
· já tem leitura, pulando: [o-desafio-de-todo-lider #0] Introdução
· já tem leitura, pulando: [o-desafio-de-todo-lider #1] Capítulo 1 — O chamado para a liderança
· já tem leitura, pulando: [o-desafio-de-todo-lider #2] Capítulo 2 — A formação do líder
· já tem leitura, pulando: [o-desafio-de-todo-lider #3] Capítulo 3 — O choque de realidades
· já tem leitura, pulando: [o-desafio-de-todo-lider #4] Capítulo 4 — Líder centrado em Deus
· já tem leitura, pulando: [o-desafio-de-todo-lider #5] Capítulo 5 — Como o líder deve influenciar a igreja
· já tem leitura, pulando: [o-desafio-de-todo-lider #6] Capítulo 6 — Como a igreja deve influenciar o líder
· já tem leitura, pulando: [o-desafio-de-todo-lider #7] Capítulo 7 — As prioridades de um líder
· já tem leitura, pulando: [o-desafio-de-todo-lider #8] Capítulo 8 — Lidando bem com o desencorajamento
· já tem leitura, pulando: [o-desafio-de-todo-lider #9] Capítulo 9 — Caminhando da inexperiência à celebração
· já tem leitura, pulando: [o-desafio-de-todo-lider #10] Capítulo 10 — Testado e aprovado
· já tem leitura, pulando: [o-desafio-de-todo-lider #11] Capítulo 11 — Terminando bem a carreira

=== Autoridade Espiritual — 20 aulas ===
· já tem leitura, pulando: [autoridade-espiritual #1] Capítulo 1 — A importância da autoridade
· já tem leitura, pulando: [autoridade-espiritual #2] Capítulo 2 — Exemplos de rebeldia no Antigo Testamento
· já tem leitura, pulando: [autoridade-espiritual #3] Capítulo 3 — Exemplos de rebeldia no Antigo Testamento (continuação)
· já tem leitura, pulando: [autoridade-espiritual #4] Capítulo 4 — O conhecimento que Davi tinha da autoridade
· já tem leitura, pulando: [autoridade-espiritual #5] Capítulo 5 — A obediência do Filho
· já tem leitura, pulando: [autoridade-espiritual #6] Capítulo 6 — Como Deus estabelece o seu Reino
· já tem leitura, pulando: [autoridade-espiritual #7] Capítulo 7 — Os homens devem obedecer à autoridade delegada
· já tem leitura, pulando: [autoridade-espiritual #8] Capítulo 8 — A autoridade do corpo (a Igreja)
· já tem leitura, pulando: [autoridade-espiritual #9] Capítulo 9 — As manifestações da rebeldia do homem
· já tem leitura, pulando: [autoridade-espiritual #10] Capítulo 10 — As manifestações da rebeldia do homem (continuação)
· já tem leitura, pulando: [autoridade-espiritual #11] Capítulo 11 — A medida da obediência à autoridade
· já tem leitura, pulando: [autoridade-espiritual #12] Capítulo 12 — Aqueles a quem Deus delega autoridade
· já tem leitura, pulando: [autoridade-espiritual #13] Capítulo 13 — A principal credencial para delegação de autoridade: Revelação
· já tem leitura, pulando: [autoridade-espiritual #14] Capítulo 14 — O caráter da autoridade delegada: Benevolência
· já tem leitura, pulando: [autoridade-espiritual #15] Capítulo 15 — A base para a delegação de autoridade: Ressurreição
· já tem leitura, pulando: [autoridade-espiritual #16] Capítulo 16 — Abuso de autoridade e a disciplina governamental de Deus
· já tem leitura, pulando: [autoridade-espiritual #17] Capítulo 17 — As autoridades delegadas têm de permanecer sob autoridade
· já tem leitura, pulando: [autoridade-espiritual #18] Capítulo 18 — A vida diária e a motivação interior das autoridades delegadas
· já tem leitura, pulando: [autoridade-espiritual #19] Capítulo 19 — As autoridades delegadas devem santificar-se
· já tem leitura, pulando: [autoridade-espiritual #20] Capítulo 20 — As condições para a delegação de autoridade

=== Discipulado começa com a contemplação — 27 aulas ===
· já tem leitura, pulando: [discipulado-contemplacao #1] Introdução
· já tem leitura, pulando: [discipulado-contemplacao #2] Capítulo 1 — O discipulado começa com a contemplação
· já tem leitura, pulando: [discipulado-contemplacao #3] Capítulo 2 — O padrão apostólico
· já tem leitura, pulando: [discipulado-contemplacao #4] Capítulo 3 — O aviso do Sinai
· já tem leitura, pulando: [discipulado-contemplacao #5] Capítulo 4 — O discipulado deve começar com Deus
· já tem leitura, pulando: [discipulado-contemplacao #6] Capítulo 5 — O campo de batalha da beleza
· já tem leitura, pulando: [discipulado-contemplacao #7] Capítulo 6 — O comando para se deleitar
· já tem leitura, pulando: [discipulado-contemplacao #8] Capítulo 7 — O projeto Divino
· já tem leitura, pulando: [discipulado-contemplacao #9] Capítulo 8 — A aflição de um rei
· já tem leitura, pulando: [discipulado-contemplacao #10] Capítulo 9 — Contemplando alimentado pela dor e desejo
· já tem leitura, pulando: [discipulado-contemplacao #11] Capítulo 10 — Uma reunião de adoração que lançou um movimento missionário
· já tem leitura, pulando: [discipulado-contemplacao #12] Capítulo 11 — O fogo está de volta
· já tem leitura, pulando: [discipulado-contemplacao #13] Capítulo 12 — Gentios que contemplam a beleza de Deus
· já tem leitura, pulando: [discipulado-contemplacao #14] Capítulo 13 — Um povo que canta no fim dos tempos
· já tem leitura, pulando: [discipulado-contemplacao #15] Capítulo 14 — Finalizando a tarefa
· já tem leitura, pulando: [discipulado-contemplacao #16] Capítulo 15 — Uma vida de contemplação
· já tem leitura, pulando: [discipulado-contemplacao #17] Capítulo 16 — Contemplamos a Deus na pessoa de Jesus
· já tem leitura, pulando: [discipulado-contemplacao #18] Capítulo 17 — Contemplamos a Deus pelo Espírito
· já tem leitura, pulando: [discipulado-contemplacao #19] Capítulo 18 — Contemplamos a Deus em Sua palavra
· já tem leitura, pulando: [discipulado-contemplacao #20] Capítulo 19 — Somos discipulados cantando
· já tem leitura, pulando: [discipulado-contemplacao #21] Capítulo 20 — Contemplamos a beleza de Deus em Seu povo
· já tem leitura, pulando: [discipulado-contemplacao #22] Capítulo 21 — Contemplamos a Deus em oração
· já tem leitura, pulando: [discipulado-contemplacao #23] Capítulo 22 — Contemplamos a Deus em jejum
· já tem leitura, pulando: [discipulado-contemplacao #24] Capítulo 23 — Sala de aula imersiva
· já tem leitura, pulando: [discipulado-contemplacao #25] Capítulo 24 — Transformado pela contemplação
· já tem leitura, pulando: [discipulado-contemplacao #26] Capítulo 25 — Comunidades que contemplam
· já tem leitura, pulando: [discipulado-contemplacao #27] Capítulo 26 — Contemple a Jesus e se torne como Ele

=== Liderança com Propósitos — 12 aulas ===
· já tem leitura, pulando: [lideranca-com-propositos #1] Capítulo 1 — A formação de um líder
· já tem leitura, pulando: [lideranca-com-propositos #2] Capítulo 2 — A oração de um líder
· já tem leitura, pulando: [lideranca-com-propositos #3] Capítulo 3 — Os planos de um líder
· já tem leitura, pulando: [lideranca-com-propositos #4] Capítulo 4 — Como um líder motiva outros
· já tem leitura, pulando: [lideranca-com-propositos #5] Capítulo 5 — Como um líder organiza um projeto
· já tem leitura, pulando: [lideranca-com-propositos #6] Capítulo 6 — Como um líder enfrenta seus opositores
· já tem leitura, pulando: [lideranca-com-propositos #7] Capítulo 7 — Como um líder resolve os conflitos
· já tem leitura, pulando: [lideranca-com-propositos #8] Capítulo 8 — As tentações da liderança
· já tem leitura, pulando: [lideranca-com-propositos #9] Capítulo 9 — Os segredos dos bem-sucedidos
· já tem leitura, pulando: [lideranca-com-propositos #10] Capítulo 10 — Como os líderes mantêm o sucesso
· já tem leitura, pulando: [lideranca-com-propositos #11] Capítulo 11 — O que é preciso para ser um grande líder
· já tem leitura, pulando: [lideranca-com-propositos #12] Epílogo — Como Neemias liderou ao estilo de Jesus, o Líder dos líderes

=== Igreja Simples — 10 aulas ===
· já tem leitura, pulando: [igreja-simples #1] Apresentação
· já tem leitura, pulando: [igreja-simples #2] Capítulo 1 — A revolução do simples começou
· já tem leitura, pulando: [igreja-simples #3] Capítulo 2 — A Igreja Simples (e a não tão simples) em ação
· já tem leitura, pulando: [igreja-simples #4] Capítulo 3 — Igreja Simples: uma reconstrução total
· já tem leitura, pulando: [igreja-simples #5] Capítulo 4 — Três histórias simples
· já tem leitura, pulando: [igreja-simples #6] Capítulo 5 — Clareza: começando um planejamento ministerial
· já tem leitura, pulando: [igreja-simples #7] Capítulo 6 — Movimento: removendo o congestionamento
· já tem leitura, pulando: [igreja-simples #8] Capítulo 7 — Alinhamento: maximizando a energia de cada um
· já tem leitura, pulando: [igreja-simples #9] Capítulo 8 — Foco: dizendo não para quase tudo
· já tem leitura, pulando: [igreja-simples #10] Capítulo 9 — Tornando-se simples

=== Contentamento — 13 aulas ===
· já tem leitura, pulando: [contentamento #1] Introdução
· já tem leitura, pulando: [contentamento #2] Capítulo 1 — O Contentamento do Pai
· já tem leitura, pulando: [contentamento #3] Capítulo 2 — As Promessas de Deus
· já tem leitura, pulando: [contentamento #4] Capítulo 3 — Descontentamento
· já tem leitura, pulando: [contentamento #5] Capítulo 4 — Piedade com Contentamento
· já tem leitura, pulando: [contentamento #6] Capítulo 5 — A Armadilha Mental
· já tem leitura, pulando: [contentamento #7] Capítulo 6 — Inveja
· já tem leitura, pulando: [contentamento #8] Capítulo 7 — Uma Mudança de Perspectiva
· já tem leitura, pulando: [contentamento #9] Capítulo 8 — Alguns Métodos Práticos
· já tem leitura, pulando: [contentamento #10] Capítulo 9 — As Dificuldades de um Vaso de Barro
· já tem leitura, pulando: [contentamento #11] Capítulo 10 — Contentamento nas Aflições
· já tem leitura, pulando: [contentamento #12] Capítulo 11 — Escolhendo o Contentamento
· já tem leitura, pulando: [contentamento #13] Apêndice — Citações e Bibliografia

=== Campo de Batalha da Mente — 28 aulas ===
· já tem leitura, pulando: [campo-batalha-mente #1] Introdução — A importância da mente
· já tem leitura, pulando: [campo-batalha-mente #2] Capítulo 1 — A mente é o campo de batalha
· já tem leitura, pulando: [campo-batalha-mente #3] Capítulo 2 — Uma necessidade vital
· já tem leitura, pulando: [campo-batalha-mente #4] Capítulo 3 — Não desista!
· já tem leitura, pulando: [campo-batalha-mente #5] Capítulo 4 — Pouco a pouco
· já tem leitura, pulando: [campo-batalha-mente #6] Capítulo 5 — Seja positivo
· já tem leitura, pulando: [campo-batalha-mente #7] Capítulo 6 — Espíritos aprisionadores da mente
· já tem leitura, pulando: [campo-batalha-mente #8] Capítulo 7 — Pense sobre o que você está pensando
· já tem leitura, pulando: [campo-batalha-mente #9] Parte 2 — Introdução: Condições da mente
· já tem leitura, pulando: [campo-batalha-mente #10] Capítulo 8 — Quando minha mente está normal?
· já tem leitura, pulando: [campo-batalha-mente #11] Capítulo 9 — Uma admirável mente divagante
· já tem leitura, pulando: [campo-batalha-mente #12] Capítulo 10 — Uma mente confusa
· já tem leitura, pulando: [campo-batalha-mente #13] Capítulo 11 — Uma mente duvidosa e descrente
· já tem leitura, pulando: [campo-batalha-mente #14] Capítulo 12 — Uma mente ansiosa e preocupada
· já tem leitura, pulando: [campo-batalha-mente #15] Capítulo 13 — Uma mente julgadora, crítica e desconfiada
· já tem leitura, pulando: [campo-batalha-mente #16] Capítulo 14 — Uma mente passiva
· já tem leitura, pulando: [campo-batalha-mente #17] Capítulo 15 — A mente de Cristo
· já tem leitura, pulando: [campo-batalha-mente #18] Parte 3 — Introdução: Mentalidades de deserto
· já tem leitura, pulando: [campo-batalha-mente #19] Capítulo 16 — Meu futuro é determinado pelo meu passado e pelo meu presente
· já tem leitura, pulando: [campo-batalha-mente #20] Capítulo 17 — Alguém faça para mim; não quero assumir a responsabilidade
· já tem leitura, pulando: [campo-batalha-mente #21] Capítulo 18 — Por favor, torne tudo fácil; não posso aguentar se as coisas forem muito difíceis!
· já tem leitura, pulando: [campo-batalha-mente #22] Capítulo 19 — Não posso evitar; simplesmente sou viciado em resmungar, censurar e me queixar
· já tem leitura, pulando: [campo-batalha-mente #23] Capítulo 20 — Não me faça esperar por nada; mereço tudo imediatamente
· já tem leitura, pulando: [campo-batalha-mente #24] Capítulo 21 — Meu comportamento pode estar errado, mas não é minha culpa
· já tem leitura, pulando: [campo-batalha-mente #25] Capítulo 22 — Minha vida é tão miserável; tenho pena de mim mesmo
· já tem leitura, pulando: [campo-batalha-mente #26] Capítulo 23 — Não mereço as bênçãos de Deus porque não sou digno
· já tem leitura, pulando: [campo-batalha-mente #27] Capítulo 24 — Por que eu não deveria ser ciumento e invejoso quando todo mundo está em melhor situação do que eu?
· já tem leitura, pulando: [campo-batalha-mente #28] Capítulo 25 — Vou fazer do meu jeito ou, então, não faço de jeito nenhum

=== Discipulado (Bonhoeffer) — 17 aulas ===
· já tem leitura, pulando: [discipulado-bonhoeffer #1] Prefácio
· já tem leitura, pulando: [discipulado-bonhoeffer #2] Introdução
· já tem leitura, pulando: [discipulado-bonhoeffer #3] Capítulo 1 — A graça preciosa
· já tem leitura, pulando: [discipulado-bonhoeffer #4] Capítulo 2 — O chamado ao discipulado
· já tem leitura, pulando: [discipulado-bonhoeffer #5] Capítulo 3 — A obediência simples
· já tem leitura, pulando: [discipulado-bonhoeffer #6] Capítulo 4 — O discipulado e a cruz
· já tem leitura, pulando: [discipulado-bonhoeffer #7] Capítulo 5 — O discipulado e o indivíduo
· já tem leitura, pulando: [discipulado-bonhoeffer #8] Capítulo 6 — O "extraordinário" da vida cristã
· já tem leitura, pulando: [discipulado-bonhoeffer #9] Capítulo 7 — Sobre a invisibilidade da vida cristã
· já tem leitura, pulando: [discipulado-bonhoeffer #10] Capítulo 8 — A separação da comunidade dos discípulos
· já tem leitura, pulando: [discipulado-bonhoeffer #11] Capítulo 9 — Os mensageiros
· já tem leitura, pulando: [discipulado-bonhoeffer #12] Capítulo 10 — Questões preliminares
· já tem leitura, pulando: [discipulado-bonhoeffer #13] Capítulo 11 — O batismo
· já tem leitura, pulando: [discipulado-bonhoeffer #14] Capítulo 12 — O corpo de Cristo
· já tem leitura, pulando: [discipulado-bonhoeffer #15] Capítulo 13 — A Igreja visível
· já tem leitura, pulando: [discipulado-bonhoeffer #16] Capítulo 14 — Os santos
· já tem leitura, pulando: [discipulado-bonhoeffer #17] Capítulo 15 — A imagem de Cristo

=== Oração — 16 aulas ===
· já tem leitura, pulando: [oracao-keller #1] Introdução — Por que escrever um livro sobre oração?
· já tem leitura, pulando: [oracao-keller #2] Capítulo 1 — A necessidade da oração
· já tem leitura, pulando: [oracao-keller #3] Capítulo 2 — A grandiosidade da oração
· já tem leitura, pulando: [oracao-keller #4] Capítulo 3 — O que é oração?
· já tem leitura, pulando: [oracao-keller #5] Capítulo 4 — Conversar com Deus
· já tem leitura, pulando: [oracao-keller #6] Capítulo 5 — Encontrar Deus
· já tem leitura, pulando: [oracao-keller #7] Capítulo 6 — Cartas sobre a oração
· já tem leitura, pulando: [oracao-keller #8] Capítulo 7 — Regras para a oração
· já tem leitura, pulando: [oracao-keller #9] Capítulo 8 — A oração das orações
· já tem leitura, pulando: [oracao-keller #10] Capítulo 9 — As pedras de toque da oração
· já tem leitura, pulando: [oracao-keller #11] Capítulo 10 — A oração como conversa: meditando em sua Palavra
· já tem leitura, pulando: [oracao-keller #12] Capítulo 11 — A oração como encontro: buscando sua face
· já tem leitura, pulando: [oracao-keller #13] Capítulo 12 — Veneração: louvando sua glória
· já tem leitura, pulando: [oracao-keller #14] Capítulo 13 — Intimidade: encontrando sua graça
· já tem leitura, pulando: [oracao-keller #15] Capítulo 14 — Luta: pedindo sua ajuda
· já tem leitura, pulando: [oracao-keller #16] Capítulo 15 — Prática: a oração diária

=== O Cristão em uma Sociedade não Cristã — 17 aulas ===
· já tem leitura, pulando: [cristao-sociedade-nao-crista #1] Capítulo 1 — Nosso mundo em transformação: o envolvimento cristão é necessário?
· já tem leitura, pulando: [cristao-sociedade-nao-crista #2] Capítulo 2 — Nosso mundo complexo: o pensamento cristão é distintivo?
· já tem leitura, pulando: [cristao-sociedade-nao-crista #3] Capítulo 3 — Nosso mundo plural: o testemunho cristão é influente?
· já tem leitura, pulando: [cristao-sociedade-nao-crista #4] Capítulo 4 — Guerra e paz
· já tem leitura, pulando: [cristao-sociedade-nao-crista #5] Capítulo 5 — Cuidando da Criação
· já tem leitura, pulando: [cristao-sociedade-nao-crista #6] Capítulo 6 — Convivendo com a pobreza global
· já tem leitura, pulando: [cristao-sociedade-nao-crista #7] Capítulo 7 — Direitos humanos
· já tem leitura, pulando: [cristao-sociedade-nao-crista #8] Capítulo 8 — O mundo do trabalho
· já tem leitura, pulando: [cristao-sociedade-nao-crista #9] Capítulo 9 — Relacionamentos de negócio
· já tem leitura, pulando: [cristao-sociedade-nao-crista #10] Capítulo 10 — Celebrando a diversidade étnica
· já tem leitura, pulando: [cristao-sociedade-nao-crista #11] Capítulo 11 — Simplicidade, generosidade e contentamento
· já tem leitura, pulando: [cristao-sociedade-nao-crista #12] Capítulo 12 — Mulheres, homens e Deus
· já tem leitura, pulando: [cristao-sociedade-nao-crista #13] Capítulo 13 — Casamento, coabitação e divórcio
· já tem leitura, pulando: [cristao-sociedade-nao-crista #14] Capítulo 14 — Aborto e eutanásia
· já tem leitura, pulando: [cristao-sociedade-nao-crista #15] Capítulo 15 — A nova biotecnologia
· já tem leitura, pulando: [cristao-sociedade-nao-crista #16] Capítulo 16 — Relacionamentos homossexuais
· já tem leitura, pulando: [cristao-sociedade-nao-crista #17] Capítulo 17 — Um chamado para a liderança cristã

=== Cultura da Honra — 10 aulas ===
· já tem leitura, pulando: [cultura-da-honra #1] Prefácio
· já tem leitura, pulando: [cultura-da-honra #2] Introdução
· já tem leitura, pulando: [cultura-da-honra #3] Capítulo 1 — Uma cultura sobrenatural
· já tem leitura, pulando: [cultura-da-honra #4] Capítulo 2 — O funil que vem do céu
· já tem leitura, pulando: [cultura-da-honra #5] Capítulo 3 — Governando a partir do céu
· já tem leitura, pulando: [cultura-da-honra #6] Capítulo 4 — Filhos da luz muito amados
· já tem leitura, pulando: [cultura-da-honra #7] Capítulo 5 — A prática da liberdade: desenvolvendo uma mentalidade próspera
· já tem leitura, pulando: [cultura-da-honra #8] Capítulo 6 — A prioridade máxima da liderança
· já tem leitura, pulando: [cultura-da-honra #9] Capítulo 7 — Confrontando segundo o modelo do reino
· já tem leitura, pulando: [cultura-da-honra #10] Capítulo 8 — Revolução para reformar, reformar para transformar

=== A Treliça e a Videira — 13 aulas ===
· já tem leitura, pulando: [trelica-videira #1] Capítulo 1 — A treliça e a videira
· já tem leitura, pulando: [trelica-videira #2] Capítulo 2 — Mudanças de mentalidade de ministério
· já tem leitura, pulando: [trelica-videira #3] Capítulo 3 — O que Deus está fazendo no mundo?
· já tem leitura, pulando: [trelica-videira #4] Capítulo 4 — Todo cristão é um trabalhador de videira?
· já tem leitura, pulando: [trelica-videira #5] Capítulo 5 — Culpa ou graça
· já tem leitura, pulando: [trelica-videira #6] Capítulo 6 — O âmago do treinamento
· já tem leitura, pulando: [trelica-videira #7] Capítulo 7 — Treinamento e crescimento do evangelho
· já tem leitura, pulando: [trelica-videira #8] Capítulo 8 — Por que os sermões de domingo são necessários mas não suficientes?
· já tem leitura, pulando: [trelica-videira #9] Capítulo 9 — Multiplicando o crescimento do evangelho, através do treinamento de cooperadores
· já tem leitura, pulando: [trelica-videira #10] Capítulo 10 — Pessoas que vale a pena observarmos
· já tem leitura, pulando: [trelica-videira #11] Capítulo 11 — Aprendizado ministerial
· já tem leitura, pulando: [trelica-videira #12] Capítulo 12 — Começando
· já tem leitura, pulando: [trelica-videira #13] Apêndice — Perguntas frequentes e respostas

=== Uma Igreja com Propósitos — 21 aulas ===
· já tem leitura, pulando: [igreja-com-propositos #1] Introdução — Surfando nas ondas espirituais
· já tem leitura, pulando: [igreja-com-propositos #2] Capítulo 1 — A história da Igreja Saddleback
· já tem leitura, pulando: [igreja-com-propositos #3] Capítulo 2 — Mitos sobre crescimento de igreja
· já tem leitura, pulando: [igreja-com-propositos #4] Capítulo 3 — O que motiva sua igreja?
· já tem leitura, pulando: [igreja-com-propositos #5] Capítulo 4 — Alicerces para uma igreja saudável
· já tem leitura, pulando: [igreja-com-propositos #6] Capítulo 5 — Definir os propósitos
· já tem leitura, pulando: [igreja-com-propositos #7] Capítulo 6 — Comunicar os propósitos
· já tem leitura, pulando: [igreja-com-propositos #8] Capítulo 7 — Organizar os propósitos
· já tem leitura, pulando: [igreja-com-propositos #9] Capítulo 8 — Aplicar os propósitos
· já tem leitura, pulando: [igreja-com-propositos #10] Capítulo 9 — Quem é seu alvo
· já tem leitura, pulando: [igreja-com-propositos #11] Capítulo 10 — Conhecendo quem você pode alcançar melhor
· já tem leitura, pulando: [igreja-com-propositos #12] Capítulo 11 — Desenvolvendo a estratégia
· já tem leitura, pulando: [igreja-com-propositos #13] Capítulo 12 — Como Jesus atraía as multidões
· já tem leitura, pulando: [igreja-com-propositos #14] Capítulo 13 — A adoração pode ser um testemunho
· já tem leitura, pulando: [igreja-com-propositos #15] Capítulo 14 — Planejando o ambiente para os não-cristãos
· já tem leitura, pulando: [igreja-com-propositos #16] Capítulo 15 — Selecionando a música
· já tem leitura, pulando: [igreja-com-propositos #17] Capítulo 16 — Pregando para os sem-igreja
· já tem leitura, pulando: [igreja-com-propositos #18] Capítulo 17 — Transformando frequentadores em membros
· já tem leitura, pulando: [igreja-com-propositos #19] Capítulo 18 — Desenvolvendo membros maduros
· já tem leitura, pulando: [igreja-com-propositos #20] Capítulo 19 — Transformando membros em ministros
· já tem leitura, pulando: [igreja-com-propositos #21] Capítulo 20 — O propósito de Deus para sua igreja

=== JesusCopy — 10 aulas ===
· já tem leitura, pulando: [jesuscopy #1] Introdução
· já tem leitura, pulando: [jesuscopy #2] Capítulo 1 — Síndrome do modo soneca
· já tem leitura, pulando: [jesuscopy #3] Capítulo 2 — A voz de Deus
· já tem leitura, pulando: [jesuscopy #4] Capítulo 3 — Confiar e obedecer
· já tem leitura, pulando: [jesuscopy #5] Capítulo 4 — Você já viu Jesus?
· já tem leitura, pulando: [jesuscopy #6] Capítulo 5 — Olhos fixos na eternidade
· já tem leitura, pulando: [jesuscopy #7] Capítulo 6 — Venha o teu reino
· já tem leitura, pulando: [jesuscopy #8] Capítulo 7 — Bem-sucedidos
· já tem leitura, pulando: [jesuscopy #9] Capítulo 8 — O verdadeiro problema
· já tem leitura, pulando: [jesuscopy #10] Conclusão

=== Adoração Bíblica — 11 aulas ===
· já tem leitura, pulando: [adoracao-biblica #1] Prefácio
· já tem leitura, pulando: [adoracao-biblica #2] Capítulo 1 — O culto e a adoração que Deus almeja
· já tem leitura, pulando: [adoracao-biblica #3] Capítulo 2 — O vocabulário bíblico
· já tem leitura, pulando: [adoracao-biblica #4] Capítulo 3 — A essência do culto na Bíblia
· já tem leitura, pulando: [adoracao-biblica #5] Capítulo 4 — A adoração e os sentidos
· já tem leitura, pulando: [adoracao-biblica #6] Capítulo 5 — O preparo para a adoração
· já tem leitura, pulando: [adoracao-biblica #7] Capítulo 6 — A prática da adoração
· já tem leitura, pulando: [adoracao-biblica #8] Capítulo 7 — Os efeitos da adoração
· já tem leitura, pulando: [adoracao-biblica #9] Capítulo 8 — Exemplos de adoração
· já tem leitura, pulando: [adoracao-biblica #10] Capítulo 9 — Obstáculos à adoração
· já tem leitura, pulando: [adoracao-biblica #11] Capítulo 10 — A adoração na igreja contrastada com a do Antigo Testamento

=== Carta aos Pecadores — 11 aulas ===
· já tem leitura, pulando: [carta-aos-pecadores #1] Carta aos pecadores
· já tem leitura, pulando: [carta-aos-pecadores #2] Carta a um homossexual
· já tem leitura, pulando: [carta-aos-pecadores #3] Carta a um divorciado
· já tem leitura, pulando: [carta-aos-pecadores #4] Carta a um viciado em pornografia
· já tem leitura, pulando: [carta-aos-pecadores #5] Carta a um magoado
· já tem leitura, pulando: [carta-aos-pecadores #6] Carta a um adúltero
· já tem leitura, pulando: [carta-aos-pecadores #7] Carta a um egoísta
· já tem leitura, pulando: [carta-aos-pecadores #8] Carta a um idólatra
· já tem leitura, pulando: [carta-aos-pecadores #9] Carta a um fornicador
· já tem leitura, pulando: [carta-aos-pecadores #10] Carta a um maledicente
· já tem leitura, pulando: [carta-aos-pecadores #11] Carta a um invejoso

=== O Cuidado do Corpo — 14 aulas ===
· já tem leitura, pulando: [o-cuidado-do-corpo #1] Prefácio
· já tem leitura, pulando: [o-cuidado-do-corpo #2] Introdução
· já tem leitura, pulando: [o-cuidado-do-corpo #3] Capítulo 1 — Renovação da mente
· já tem leitura, pulando: [o-cuidado-do-corpo #4] Capítulo 2 — Espiritualidade exagerada
· já tem leitura, pulando: [o-cuidado-do-corpo #5] Capítulo 3 — O céu pode esperar
· já tem leitura, pulando: [o-cuidado-do-corpo #6] Capítulo 4 — A mordomia do corpo
· já tem leitura, pulando: [o-cuidado-do-corpo #7] Capítulo 5 — Evite a sobrecarga
· já tem leitura, pulando: [o-cuidado-do-corpo #8] Capítulo 6 — Alimentação
· já tem leitura, pulando: [o-cuidado-do-corpo #9] Capítulo 7 — Restrições alimentares
· já tem leitura, pulando: [o-cuidado-do-corpo #10] Capítulo 8 — Os saudáveis efeitos do jejum
· já tem leitura, pulando: [o-cuidado-do-corpo #11] Capítulo 9 — Descanso
· já tem leitura, pulando: [o-cuidado-do-corpo #12] Capítulo 10 — Exercício físico
· já tem leitura, pulando: [o-cuidado-do-corpo #13] Capítulo 11 — Convicção e constância
· já tem leitura, pulando: [o-cuidado-do-corpo #14] Capítulo 12 — Como desenvolver a constância

=== Corajosas — 4 aulas ===
· já tem leitura, pulando: [corajosas #1] Bela aos olhos de Deus
· já tem leitura, pulando: [corajosas #2] Quando o sonho vira ídolo
· já tem leitura, pulando: [corajosas #3] Forte e corajosa em Deus
· já tem leitura, pulando: [corajosas #4] Florescer depois da dor

=== Pregação — 10 aulas ===
· já tem leitura, pulando: [pregacao-keller #1] Prólogo — O que é uma boa pregação?
· já tem leitura, pulando: [pregacao-keller #2] Introdução — Os três níveis do ministério da Palavra
· já tem leitura, pulando: [pregacao-keller #3] Capítulo 1 — Pregando a Palavra
· já tem leitura, pulando: [pregacao-keller #4] Capítulo 2 — Pregando o evangelho sempre
· já tem leitura, pulando: [pregacao-keller #5] Capítulo 3 — Pregando Cristo em toda a Escritura
· já tem leitura, pulando: [pregacao-keller #6] Capítulo 4 — Pregando Cristo à cultura
· já tem leitura, pulando: [pregacao-keller #7] Capítulo 5 — A pregação e a mente moderna (tardia)
· já tem leitura, pulando: [pregacao-keller #8] Capítulo 6 — Pregando Cristo ao coração
· já tem leitura, pulando: [pregacao-keller #9] Capítulo 7 — A pregação e o Espírito
· já tem leitura, pulando: [pregacao-keller #10] Apêndice — Redigindo uma mensagem expositiva

=== Provérbios para Crianças — 31 aulas ===
· já tem leitura, pulando: [proverbios-para-criancas #1] Dia 1
· já tem leitura, pulando: [proverbios-para-criancas #2] Dia 2
· já tem leitura, pulando: [proverbios-para-criancas #3] Dia 3
· já tem leitura, pulando: [proverbios-para-criancas #4] Dia 4
· já tem leitura, pulando: [proverbios-para-criancas #5] Dia 5
· já tem leitura, pulando: [proverbios-para-criancas #6] Dia 6
· já tem leitura, pulando: [proverbios-para-criancas #7] Dia 7
· já tem leitura, pulando: [proverbios-para-criancas #8] Dia 8
· já tem leitura, pulando: [proverbios-para-criancas #9] Dia 9
· já tem leitura, pulando: [proverbios-para-criancas #10] Dia 10
· já tem leitura, pulando: [proverbios-para-criancas #11] Dia 11
· já tem leitura, pulando: [proverbios-para-criancas #12] Dia 12
· já tem leitura, pulando: [proverbios-para-criancas #13] Dia 13
· já tem leitura, pulando: [proverbios-para-criancas #14] Dia 14
· já tem leitura, pulando: [proverbios-para-criancas #15] Dia 15
· já tem leitura, pulando: [proverbios-para-criancas #16] Dia 16
· já tem leitura, pulando: [proverbios-para-criancas #17] Dia 17
· já tem leitura, pulando: [proverbios-para-criancas #18] Dia 18
· já tem leitura, pulando: [proverbios-para-criancas #19] Dia 19
· já tem leitura, pulando: [proverbios-para-criancas #20] Dia 20
· já tem leitura, pulando: [proverbios-para-criancas #21] Dia 21
· já tem leitura, pulando: [proverbios-para-criancas #22] Dia 22
· já tem leitura, pulando: [proverbios-para-criancas #23] Dia 23
· já tem leitura, pulando: [proverbios-para-criancas #24] Dia 24
· já tem leitura, pulando: [proverbios-para-criancas #25] Dia 25
· já tem leitura, pulando: [proverbios-para-criancas #26] Dia 26
· já tem leitura, pulando: [proverbios-para-criancas #27] Dia 27
· já tem leitura, pulando: [proverbios-para-criancas #28] Dia 28
· já tem leitura, pulando: [proverbios-para-criancas #29] Dia 29
· já tem leitura, pulando: [proverbios-para-criancas #30] Dia 30
· já tem leitura, pulando: [proverbios-para-criancas #31] Dia 31

=== Heróis da Fé — 23 aulas ===
· já tem leitura, pulando: [herois-da-fe #1] Apresentação
· já tem leitura, pulando: [herois-da-fe #2] O Salvador espera e o mundo carece
· já tem leitura, pulando: [herois-da-fe #3] O soluço de um bilhão de almas
· já tem leitura, pulando: [herois-da-fe #4] Jerônimo Savonarola
· já tem leitura, pulando: [herois-da-fe #5] Martinho Lutero
· já tem leitura, pulando: [herois-da-fe #6] João Bunyan
· já tem leitura, pulando: [herois-da-fe #7] Jônatas Edwards
· já tem leitura, pulando: [herois-da-fe #8] João Wesley
· já tem leitura, pulando: [herois-da-fe #9] Jorge Whitefield
· já tem leitura, pulando: [herois-da-fe #10] Davi Brainerd
· já tem leitura, pulando: [herois-da-fe #11] Guilherme Carey
· já tem leitura, pulando: [herois-da-fe #12] Christmas Evans
· já tem leitura, pulando: [herois-da-fe #13] Henrique Martyn
· já tem leitura, pulando: [herois-da-fe #14] Adoniram Judson
· já tem leitura, pulando: [herois-da-fe #15] Carlos Finney
· já tem leitura, pulando: [herois-da-fe #16] Jorge Müller
· já tem leitura, pulando: [herois-da-fe #17] Davi Livingstone
· já tem leitura, pulando: [herois-da-fe #18] João Paton
· já tem leitura, pulando: [herois-da-fe #19] Hudson Taylor
· já tem leitura, pulando: [herois-da-fe #20] Carlos Spurgeon
· já tem leitura, pulando: [herois-da-fe #21] Pastor Hsi
· já tem leitura, pulando: [herois-da-fe #22] Dwight Lyman Moody
· já tem leitura, pulando: [herois-da-fe #23] Jônatas Goforth

=== Os Outros da Bíblia — 11 aulas ===
· já tem leitura, pulando: [os-outros-da-biblia #1] Apresentação
· já tem leitura, pulando: [os-outros-da-biblia #2] Prefácio
· já tem leitura, pulando: [os-outros-da-biblia #3] Introdução
· já tem leitura, pulando: [os-outros-da-biblia #4] Capítulo 1 — Deus entre os outros
· já tem leitura, pulando: [os-outros-da-biblia #5] Capítulo 2 — Os mesopotâmicos
· já tem leitura, pulando: [os-outros-da-biblia #6] Capítulo 3 — Os egípcios
· já tem leitura, pulando: [os-outros-da-biblia #7] Capítulo 4 — Os cananeus
· já tem leitura, pulando: [os-outros-da-biblia #8] Capítulo 5 — Os persas
· já tem leitura, pulando: [os-outros-da-biblia #9] Capítulo 6 — Os gregos
· já tem leitura, pulando: [os-outros-da-biblia #10] Capítulo 7 — Os romanos
· já tem leitura, pulando: [os-outros-da-biblia #11] Conclusão — Os outros entre nós

=== Aqueles da Bíblia — 12 aulas ===
· já tem leitura, pulando: [aqueles-da-biblia #1] Prefácio
· já tem leitura, pulando: [aqueles-da-biblia #2] Introdução
· já tem leitura, pulando: [aqueles-da-biblia #3] Capítulo 1 — Aqueles entre os outros
· já tem leitura, pulando: [aqueles-da-biblia #4] Capítulo 2 — Os migrantes
· já tem leitura, pulando: [aqueles-da-biblia #5] Capítulo 3 — Os escravos
· já tem leitura, pulando: [aqueles-da-biblia #6] Capítulo 4 — Os anarquistas
· já tem leitura, pulando: [aqueles-da-biblia #7] Capítulo 5 — Os monarquistas
· já tem leitura, pulando: [aqueles-da-biblia #8] Capítulo 6 — Os separatistas
· já tem leitura, pulando: [aqueles-da-biblia #9] Capítulo 7 — Os exilados
· já tem leitura, pulando: [aqueles-da-biblia #10] Capítulo 8 — Os revolucionários
· já tem leitura, pulando: [aqueles-da-biblia #11] Capítulo 9 — Os oprimidos
· já tem leitura, pulando: [aqueles-da-biblia #12] Conclusão — Aqueles entre nós

=== Nós e a Bíblia — 16 aulas ===
· já tem leitura, pulando: [nos-e-a-biblia #1] Prefácio
· já tem leitura, pulando: [nos-e-a-biblia #2] Introdução
· já tem leitura, pulando: [nos-e-a-biblia #3] Capítulo 1 — A Bíblia
· já tem leitura, pulando: [nos-e-a-biblia #4] Capítulo 2 — A Hermenêutica
· já tem leitura, pulando: [nos-e-a-biblia #5] Capítulo 3 — A Identidade
· já tem leitura, pulando: [nos-e-a-biblia #6] Conclusão da Parte I — Bíblia e Identidade
· já tem leitura, pulando: [nos-e-a-biblia #7] Capítulo 4 — O Israel Antigo
· já tem leitura, pulando: [nos-e-a-biblia #8] Capítulo 5 — O Judaísmo
· já tem leitura, pulando: [nos-e-a-biblia #9] Capítulo 6 — O Estado de Israel
· já tem leitura, pulando: [nos-e-a-biblia #10] Conclusão da Parte II — Israel e a Bíblia
· já tem leitura, pulando: [nos-e-a-biblia #11] Capítulo 7 — A Igreja Antiga
· já tem leitura, pulando: [nos-e-a-biblia #12] Capítulo 8 — O Cristianismo
· já tem leitura, pulando: [nos-e-a-biblia #13] Capítulo 9 — O Protestantismo
· já tem leitura, pulando: [nos-e-a-biblia #14] Conclusão da Parte III — A Igreja e a Bíblia
· já tem leitura, pulando: [nos-e-a-biblia #15] Capítulo 10 — Bíblia, Israel e Igreja
· já tem leitura, pulando: [nos-e-a-biblia #16] Conclusão

=== Construindo Pontes — 10 aulas ===
· já tem leitura, pulando: [construindo-pontes #1] Capítulo 1 — Trabalhar com crianças e adolescentes requer uma abordagem diferente
· já tem leitura, pulando: [construindo-pontes #2] Capítulo 2 — Idades e estágios: o impacto do desenvolvimento
· já tem leitura, pulando: [construindo-pontes #3] Capítulo 3 — A importância de envolver os pais
· já tem leitura, pulando: [construindo-pontes #4] Capítulo 4 — Atividades expressivas: uma fundamentação bíblica
· já tem leitura, pulando: [construindo-pontes #5] Capítulo 5 — Princípios e aplicações
· já tem leitura, pulando: [construindo-pontes #6] Capítulo 6 — Métodos para extrair o interior do coração
· já tem leitura, pulando: [construindo-pontes #7] Capítulo 7 — Atividades para extrair o interior do coração
· já tem leitura, pulando: [construindo-pontes #8] Capítulo 8 — Atividades expressivas que falam aos corações
· já tem leitura, pulando: [construindo-pontes #9] Conclusão — Soltando sua própria criatividade
· já tem leitura, pulando: [construindo-pontes #10] Apêndice A — Amostras de tabelas de desenvolvimento

=== O Discípulo Radical — 9 aulas ===
· já tem leitura, pulando: [o-discipulo-radical #1] Capítulo 1 — Inconformismo
· já tem leitura, pulando: [o-discipulo-radical #2] Capítulo 2 — Semelhança com Cristo
· já tem leitura, pulando: [o-discipulo-radical #3] Capítulo 3 — Maturidade
· já tem leitura, pulando: [o-discipulo-radical #4] Capítulo 4 — Cuidado com a criação
· já tem leitura, pulando: [o-discipulo-radical #5] Capítulo 5 — Simplicidade
· já tem leitura, pulando: [o-discipulo-radical #6] Capítulo 6 — Equilíbrio
· já tem leitura, pulando: [o-discipulo-radical #7] Capítulo 7 — Dependência
· já tem leitura, pulando: [o-discipulo-radical #8] Capítulo 8 — Morte
· já tem leitura, pulando: [o-discipulo-radical #9] Pós-escrito — Mais uma vez, adeus!

=== Eu, meu pavio curto e Deus — 15 aulas ===
· já tem leitura, pulando: [eu-meu-pavio-curto #1] Capítulo 1 — Janelas quebradas
· já tem leitura, pulando: [eu-meu-pavio-curto #2] Capítulo 2 — Quando você ficar irada, não peque
· já tem leitura, pulando: [eu-meu-pavio-curto #3] Capítulo 3 — Dormindo com o inimigo
· já tem leitura, pulando: [eu-meu-pavio-curto #4] Capítulo 4 — Preparar, apontar, fogo!
· já tem leitura, pulando: [eu-meu-pavio-curto #5] Capítulo 5 — Crimes passionais
· já tem leitura, pulando: [eu-meu-pavio-curto #6] Capítulo 6 — Quando a dor é insuportável
· já tem leitura, pulando: [eu-meu-pavio-curto #7] Capítulo 7 — Grande alívio: não somos o juiz
· já tem leitura, pulando: [eu-meu-pavio-curto #8] Capítulo 8 — Deus está irado com as mulheres?
· já tem leitura, pulando: [eu-meu-pavio-curto #9] Capítulo 9 — Irada de nascença
· já tem leitura, pulando: [eu-meu-pavio-curto #10] Capítulo 10 — O poder da confissão
· já tem leitura, pulando: [eu-meu-pavio-curto #11] Capítulo 11 — Pare antes que a coisa toda saia do controle
· já tem leitura, pulando: [eu-meu-pavio-curto #12] Capítulo 12 — Quando o corpo fala
· já tem leitura, pulando: [eu-meu-pavio-curto #13] Capítulo 13 — Abra mão
· já tem leitura, pulando: [eu-meu-pavio-curto #14] Capítulo 14 — Coloque em prática
· já tem leitura, pulando: [eu-meu-pavio-curto #15] Epílogo

=== Cristianismo Puro e Simples — 6 aulas ===
· já tem leitura, pulando: [cristianismo-puro-simples #1] Prefácio
· já tem leitura, pulando: [cristianismo-puro-simples #2] Introdução
· já tem leitura, pulando: [cristianismo-puro-simples #3] Livro I — O certo e o errado como chaves para o sentido do universo
· já tem leitura, pulando: [cristianismo-puro-simples #4] Livro II — No que acreditam os cristãos
· já tem leitura, pulando: [cristianismo-puro-simples #5] Livro III — Conduta cristã
· já tem leitura, pulando: [cristianismo-puro-simples #6] Livro IV — Além da personalidade (a doutrina da Trindade)

=== O Problema do Sofrimento — 12 aulas ===
· já tem leitura, pulando: [problema-do-sofrimento #1] Prefácio
· já tem leitura, pulando: [problema-do-sofrimento #2] Capítulo 1 — Introdução
· já tem leitura, pulando: [problema-do-sofrimento #3] Capítulo 2 — A Onipotência Divina
· já tem leitura, pulando: [problema-do-sofrimento #4] Capítulo 3 — A Bondade Divina
· já tem leitura, pulando: [problema-do-sofrimento #5] Capítulo 4 — A Maldade Humana
· já tem leitura, pulando: [problema-do-sofrimento #6] Capítulo 5 — A Queda do Homem
· já tem leitura, pulando: [problema-do-sofrimento #7] Capítulo 6 — O Sofrimento Humano
· já tem leitura, pulando: [problema-do-sofrimento #8] Capítulo 7 — O Sofrimento Humano (continuação)
· já tem leitura, pulando: [problema-do-sofrimento #9] Capítulo 8 — O Inferno
· já tem leitura, pulando: [problema-do-sofrimento #10] Capítulo 9 — O Sofrimento dos Animais
· já tem leitura, pulando: [problema-do-sofrimento #11] Capítulo 10 — O Céu
· já tem leitura, pulando: [problema-do-sofrimento #12] Apêndice

=== O Enigma da Bíblia de Gutenberg — 12 aulas ===
· já tem leitura, pulando: [enigma-biblia-gutenberg #1] Prólogo — Culto de Quarta-feira, à Noite
· já tem leitura, pulando: [enigma-biblia-gutenberg #2] Capítulo 1 — Domingo Anterior, de Manhã
· já tem leitura, pulando: [enigma-biblia-gutenberg #3] Capítulo 2 — Domingo, Início da Tarde
· já tem leitura, pulando: [enigma-biblia-gutenberg #4] Capítulo 3 — Domingo, à Tarde
· já tem leitura, pulando: [enigma-biblia-gutenberg #5] Capítulo 4 — Segunda-feira, de Manhã
· já tem leitura, pulando: [enigma-biblia-gutenberg #6] Capítulo 5 — Segunda-feira, Fim da Tarde
· já tem leitura, pulando: [enigma-biblia-gutenberg #7] Capítulo 6 — Terça-feira, de Manhã
· já tem leitura, pulando: [enigma-biblia-gutenberg #8] Capítulo 7 — Terça-feira, Fim da Tarde
· já tem leitura, pulando: [enigma-biblia-gutenberg #9] Capítulo 8 — Quarta-feira, de Manhã
· já tem leitura, pulando: [enigma-biblia-gutenberg #10] Capítulo 9 — Quarta-feira, à Noite
· já tem leitura, pulando: [enigma-biblia-gutenberg #11] Capítulo 10 — A Hora da Verdade
· já tem leitura, pulando: [enigma-biblia-gutenberg #12] Capítulo 11 — Noite de Lua

=== Uma Garota Segundo o Coração de Deus — 11 aulas ===
· já tem leitura, pulando: [garota-segundo-coracao-de-deus #1] Introdução — Uma Mensagem só para Você
· já tem leitura, pulando: [garota-segundo-coracao-de-deus #2] Capítulo 1 — Meu Coração
· já tem leitura, pulando: [garota-segundo-coracao-de-deus #3] Capítulo 2 — Meu Espaço
· já tem leitura, pulando: [garota-segundo-coracao-de-deus #4] Capítulo 3 — Meus Pais
· já tem leitura, pulando: [garota-segundo-coracao-de-deus #5] Capítulo 4 — Minha Família
· já tem leitura, pulando: [garota-segundo-coracao-de-deus #6] Capítulo 5 — Minha Escola
· já tem leitura, pulando: [garota-segundo-coracao-de-deus #7] Capítulo 6 — Minhas Amigas
· já tem leitura, pulando: [garota-segundo-coracao-de-deus #8] Capítulo 7 — Minha Igreja
· já tem leitura, pulando: [garota-segundo-coracao-de-deus #9] Capítulo 8 — Meu Eu
· já tem leitura, pulando: [garota-segundo-coracao-de-deus #10] Capítulo 9 — Meu Tempo
· já tem leitura, pulando: [garota-segundo-coracao-de-deus #11] Capítulo 10 — Minha Aventura com Jesus

=== Cartas de um Diabo a seu Aprendiz — 33 aulas ===
· já tem leitura, pulando: [cartas-diabo-aprendiz #1] Prefácio
· já tem leitura, pulando: [cartas-diabo-aprendiz #2] Carta I
· já tem leitura, pulando: [cartas-diabo-aprendiz #3] Carta II
· já tem leitura, pulando: [cartas-diabo-aprendiz #4] Carta III
· já tem leitura, pulando: [cartas-diabo-aprendiz #5] Carta IV
· já tem leitura, pulando: [cartas-diabo-aprendiz #6] Carta V
· já tem leitura, pulando: [cartas-diabo-aprendiz #7] Carta VI
· já tem leitura, pulando: [cartas-diabo-aprendiz #8] Carta VII
· já tem leitura, pulando: [cartas-diabo-aprendiz #9] Carta VIII
· já tem leitura, pulando: [cartas-diabo-aprendiz #10] Carta IX
· já tem leitura, pulando: [cartas-diabo-aprendiz #11] Carta X
· já tem leitura, pulando: [cartas-diabo-aprendiz #12] Carta XI
· já tem leitura, pulando: [cartas-diabo-aprendiz #13] Carta XII
· já tem leitura, pulando: [cartas-diabo-aprendiz #14] Carta XIII
· já tem leitura, pulando: [cartas-diabo-aprendiz #15] Carta XIV
· já tem leitura, pulando: [cartas-diabo-aprendiz #16] Carta XV
· já tem leitura, pulando: [cartas-diabo-aprendiz #17] Carta XVI
· já tem leitura, pulando: [cartas-diabo-aprendiz #18] Carta XVII
· já tem leitura, pulando: [cartas-diabo-aprendiz #19] Carta XVIII
· já tem leitura, pulando: [cartas-diabo-aprendiz #20] Carta XIX
· já tem leitura, pulando: [cartas-diabo-aprendiz #21] Carta XX
· já tem leitura, pulando: [cartas-diabo-aprendiz #22] Carta XXI
· já tem leitura, pulando: [cartas-diabo-aprendiz #23] Carta XXII
· já tem leitura, pulando: [cartas-diabo-aprendiz #24] Carta XXIII
· já tem leitura, pulando: [cartas-diabo-aprendiz #25] Carta XXIV
· já tem leitura, pulando: [cartas-diabo-aprendiz #26] Carta XXV
· já tem leitura, pulando: [cartas-diabo-aprendiz #27] Carta XXVI
· já tem leitura, pulando: [cartas-diabo-aprendiz #28] Carta XXVII
· já tem leitura, pulando: [cartas-diabo-aprendiz #29] Carta XXVIII
· já tem leitura, pulando: [cartas-diabo-aprendiz #30] Carta XXIX
· já tem leitura, pulando: [cartas-diabo-aprendiz #31] Carta XXX
· já tem leitura, pulando: [cartas-diabo-aprendiz #32] Carta XXXI
· já tem leitura, pulando: [cartas-diabo-aprendiz #33] Fitafuso Propõe um Brinde

=== Graça Transformadora — 23 aulas ===
· já tem leitura, pulando: [graca-transformadora #1] Prefácio
· já tem leitura, pulando: [graca-transformadora #2] Introdução
· já tem leitura, pulando: [graca-transformadora #3] Capítulo 1 — Entendimento correto
· já tem leitura, pulando: [graca-transformadora #4] Capítulo 2 — Antes da Lei
· já tem leitura, pulando: [graca-transformadora #5] Capítulo 3 — Prazo e propósito da Lei
· já tem leitura, pulando: [graca-transformadora #6] Capítulo 4 — Salvação no Antigo Testamento
· já tem leitura, pulando: [graca-transformadora #7] Capítulo 5 — Caráter profético da Lei
· já tem leitura, pulando: [graca-transformadora #8] Capítulo 6 — Mudança de lei
· já tem leitura, pulando: [graca-transformadora #9] Capítulo 7 — A imutabilidade de Deus
· já tem leitura, pulando: [graca-transformadora #10] Capítulo 8 — Enfim, a justificação chegou!
· já tem leitura, pulando: [graca-transformadora #11] Capítulo 9 — Depois da justificação
· já tem leitura, pulando: [graca-transformadora #12] Capítulo 10 — Obediência na graça
· já tem leitura, pulando: [graca-transformadora #13] Capítulo 11 — Força capacitadora
· já tem leitura, pulando: [graca-transformadora #14] Capítulo 12 — Graça irresistível?
· já tem leitura, pulando: [graca-transformadora #15] Capítulo 13 — A interação com a graça
· já tem leitura, pulando: [graca-transformadora #16] Capítulo 14 — Liberdade responsável
· já tem leitura, pulando: [graca-transformadora #17] Capítulo 15 — Santificação progressiva
· já tem leitura, pulando: [graca-transformadora #18] Capítulo 16 — Esforço e dedicação
· já tem leitura, pulando: [graca-transformadora #19] Capítulo 17 — Boas obras
· já tem leitura, pulando: [graca-transformadora #20] Capítulo 18 — Galardão
· já tem leitura, pulando: [graca-transformadora #21] Capítulo 19 — Disciplina e juízo
· já tem leitura, pulando: [graca-transformadora #22] Capítulo 20 — O perigo dos extremos
· já tem leitura, pulando: [graca-transformadora #23] Apêndice — Uma parábola reveladora

=== O Homem Espiritual — Volume 1 — 18 aulas ===
· já tem leitura, pulando: [homem-espiritual-vol-1 #1] Espírito, Alma e Corpo
· já tem leitura, pulando: [homem-espiritual-vol-1 #2] O Espírito e a Alma
· já tem leitura, pulando: [homem-espiritual-vol-1 #3] A Queda do Homem
· já tem leitura, pulando: [homem-espiritual-vol-1 #4] A Salvação
· já tem leitura, pulando: [homem-espiritual-vol-1 #5] A Carne e a Salvação
· já tem leitura, pulando: [homem-espiritual-vol-1 #6] O Crente Carnal
· já tem leitura, pulando: [homem-espiritual-vol-1 #7] A Cruz e o Espírito Santo
· já tem leitura, pulando: [homem-espiritual-vol-1 #8] A Jactância da Carne
· já tem leitura, pulando: [homem-espiritual-vol-1 #9] A Atitude Definitiva do Crente com a Carne
· já tem leitura, pulando: [homem-espiritual-vol-1 #10] A Libertação do Pecado e a Vida da Alma
· já tem leitura, pulando: [homem-espiritual-vol-1 #11] A Experiência dos Crentes Anímicos
· já tem leitura, pulando: [homem-espiritual-vol-1 #12] Os Perigos da Vida Anímica
· já tem leitura, pulando: [homem-espiritual-vol-1 #13] A Cruz e a Alma
· já tem leitura, pulando: [homem-espiritual-vol-1 #14] Os Crentes Espirituais e a Alma
· já tem leitura, pulando: [homem-espiritual-vol-1 #15] O Corpo do Crente
· já tem leitura, pulando: [homem-espiritual-vol-1 #16] As Doenças
· já tem leitura, pulando: [homem-espiritual-vol-1 #17] Deus, a Vida do Corpo
· já tem leitura, pulando: [homem-espiritual-vol-1 #18] Vencendo a Morte

=== O Homem Espiritual — Volume 2 — 11 aulas ===
· já tem leitura, pulando: [homem-espiritual-vol-2 #1] O Espírito Santo e o Espírito do Crente
· já tem leitura, pulando: [homem-espiritual-vol-2 #2] Um Homem Espiritual
· já tem leitura, pulando: [homem-espiritual-vol-2 #3] A Obra Espiritual
· já tem leitura, pulando: [homem-espiritual-vol-2 #4] Oração e Batalha
· já tem leitura, pulando: [homem-espiritual-vol-2 #5] Intuição
· já tem leitura, pulando: [homem-espiritual-vol-2 #6] Comunhão
· já tem leitura, pulando: [homem-espiritual-vol-2 #7] Consciência
· já tem leitura, pulando: [homem-espiritual-vol-2 #8] Os Perigos da Vida Espiritual
· já tem leitura, pulando: [homem-espiritual-vol-2 #9] As Leis do Espírito
· já tem leitura, pulando: [homem-espiritual-vol-2 #10] O Princípio da Mente Auxiliando o Espírito
· já tem leitura, pulando: [homem-espiritual-vol-2 #11] A Normalidade do Espírito

=== O Homem Espiritual — Volume 3 — 12 aulas ===
· já tem leitura, pulando: [homem-espiritual-vol-3 #1] O Crente e a Emoção
· já tem leitura, pulando: [homem-espiritual-vol-3 #2] A Afeição
· já tem leitura, pulando: [homem-espiritual-vol-3 #3] Desejo
· já tem leitura, pulando: [homem-espiritual-vol-3 #4] Uma Vida de Sentimento
· já tem leitura, pulando: [homem-espiritual-vol-3 #5] A Vida de Fé
· já tem leitura, pulando: [homem-espiritual-vol-3 #6] Fenômenos de uma Mente Passiva
· já tem leitura, pulando: [homem-espiritual-vol-3 #7] Caminho da Libertação
· já tem leitura, pulando: [homem-espiritual-vol-3 #8] As Leis da Mente
· já tem leitura, pulando: [homem-espiritual-vol-3 #9] A Vontade do Crente
· já tem leitura, pulando: [homem-espiritual-vol-3 #10] A Passividade e Seus Perigos
· já tem leitura, pulando: [homem-espiritual-vol-3 #11] O Erro do Crente
· já tem leitura, pulando: [homem-espiritual-vol-3 #12] Como Obter Libertação

=== Pregos Bem Fixados — 5 aulas ===
· já tem leitura, pulando: [pregos-bem-fixados #1] Introdução — Explicações: Onde Tudo Começou
· já tem leitura, pulando: [pregos-bem-fixados #2] Capítulo 1 — Autenticidade e a Liberdade de Descobrir o seu Estilo
· já tem leitura, pulando: [pregos-bem-fixados #3] Capítulo 2 — Clareza e o Poder da Descoberta
· já tem leitura, pulando: [pregos-bem-fixados #4] Capítulo 3 — Profundidade e o Impactante Efeito de Deus
· já tem leitura, pulando: [pregos-bem-fixados #5] Capítulo 4 — Amor e o Entusiasta Guiando outro Entusiasta

=== Descubra Seus Dons Espirituais — 11 aulas ===
· já tem leitura, pulando: [descubra-seus-dons #1] Prefácio e Introdução
· já tem leitura, pulando: [descubra-seus-dons #2] Capítulo 1 — Ignorância Não É Felicidade
· já tem leitura, pulando: [descubra-seus-dons #3] Capítulo 2 — Que São os Dons? Uma Abordagem Ilimitada
· já tem leitura, pulando: [descubra-seus-dons #4] Capítulo 3 — Quatro Coisas Que os Dons Não São
· já tem leitura, pulando: [descubra-seus-dons #5] Capítulo 4 — Como Achei Meus Dons, e Como Você Pode Achar os Seus
· já tem leitura, pulando: [descubra-seus-dons #6] Capítulo 5 — O Pastor e Seu Conjunto de Dons
· já tem leitura, pulando: [descubra-seus-dons #7] Capítulo 6 — O Evangelista: Órgão Primário do Crescimento
· já tem leitura, pulando: [descubra-seus-dons #8] Capítulo 7 — Compreendendo o Dom de Missionário
· já tem leitura, pulando: [descubra-seus-dons #9] Capítulo 8 — O Resto do Corpo
· já tem leitura, pulando: [descubra-seus-dons #10] Capítulo 9 — Cinco Passos Para Crescer Através dos Dons
· já tem leitura, pulando: [descubra-seus-dons #11] Apêndice — Aprofundamento Teológico

=== O Monge e o Executivo — 8 aulas ===
· já tem leitura, pulando: [o-monge-e-o-executivo #1] Introdução
· já tem leitura, pulando: [o-monge-e-o-executivo #2] Capítulo 1 — As Definições
· já tem leitura, pulando: [o-monge-e-o-executivo #3] Capítulo 2 — O Velho Paradigma
· já tem leitura, pulando: [o-monge-e-o-executivo #4] Capítulo 3 — O Modelo
· já tem leitura, pulando: [o-monge-e-o-executivo #5] Capítulo 4 — O Verbo Amar
· já tem leitura, pulando: [o-monge-e-o-executivo #6] Capítulo 5 — O Ambiente
· já tem leitura, pulando: [o-monge-e-o-executivo #7] Capítulo 6 — A Escolha
· já tem leitura, pulando: [o-monge-e-o-executivo #8] Capítulo 7 — A Recompensa

=== A Presença Relacional de Deus — 5 aulas ===
· já tem leitura, pulando: [presenca-relacional-de-deus #1] Introdução
· já tem leitura, pulando: [presenca-relacional-de-deus #2] Capítulo 1 — A Presença Relacional de Deus no Pentateuco
· já tem leitura, pulando: [presenca-relacional-de-deus #3] Capítulo 2 — A Presença Relacional de Deus nos Livros Históricos, Salmos e Poéticos
· já tem leitura, pulando: [presenca-relacional-de-deus #4] Capítulo 3 — A Presença Relacional de Deus nos Profetas
· já tem leitura, pulando: [presenca-relacional-de-deus #5] Conclusão

=== O Deus Pródigo — 9 aulas ===
· já tem leitura, pulando: [o-deus-prodigo #1] Introdução
· já tem leitura, pulando: [o-deus-prodigo #2] A Parábola
· já tem leitura, pulando: [o-deus-prodigo #3] As Pessoas em Volta de Jesus
· já tem leitura, pulando: [o-deus-prodigo #4] Os Dois Filhos Perdidos
· já tem leitura, pulando: [o-deus-prodigo #5] Redefinindo Pecado
· já tem leitura, pulando: [o-deus-prodigo #6] Redefinindo Perdição
· já tem leitura, pulando: [o-deus-prodigo #7] O Verdadeiro Irmão Mais Velho
· já tem leitura, pulando: [o-deus-prodigo #8] Redefinindo Esperança
· já tem leitura, pulando: [o-deus-prodigo #9] O Banquete do Pai

=== O Profeta Pródigo — 18 aulas ===
· já tem leitura, pulando: [o-profeta-prodigo #1] Introdução o Profeta Pródigo
· já tem leitura, pulando: [o-profeta-prodigo #2] Fugindo de Deus
· já tem leitura, pulando: [o-profeta-prodigo #3] As Tempestades do Mundo
· já tem leitura, pulando: [o-profeta-prodigo #4] Quem É Meu Próximo?
· já tem leitura, pulando: [o-profeta-prodigo #5] Jonas e os marinheiros
· já tem leitura, pulando: [o-profeta-prodigo #6] Aceitando o Outro
· já tem leitura, pulando: [o-profeta-prodigo #7] O Padrão do Amor
· já tem leitura, pulando: [o-profeta-prodigo #8] O padrão de substituição
· já tem leitura, pulando: [o-profeta-prodigo #9] Aquele que é maior do que Jonas
· já tem leitura, pulando: [o-profeta-prodigo #10] “… e o mar cessou sua fúria”
· já tem leitura, pulando: [o-profeta-prodigo #11] Fugindo da Graça
· já tem leitura, pulando: [o-profeta-prodigo #12] A Ira
· já tem leitura, pulando: [o-profeta-prodigo #13] Tempestades do Coração
· já tem leitura, pulando: [o-profeta-prodigo #14] O problema teológico Qual, especiﬁcamente, era o problema de Jonas?
· já tem leitura, pulando: [o-profeta-prodigo #15] O Caráter da Compaixão
· já tem leitura, pulando: [o-profeta-prodigo #16] Com a Palavra de Deus
· já tem leitura, pulando: [o-profeta-prodigo #17] Com o Mundo de Deus
· já tem leitura, pulando: [o-profeta-prodigo #18] Com a Graça de Deus

=== Encontros com Jesus — 11 aulas ===
· já tem leitura, pulando: [encontros-com-jesus #1] Introdução
· já tem leitura, pulando: [encontros-com-jesus #2] O Estudante Cético
· já tem leitura, pulando: [encontros-com-jesus #3] O Prestigiado e a Marginalizada
· já tem leitura, pulando: [encontros-com-jesus #4] As Irmãs Enlutadas
· já tem leitura, pulando: [encontros-com-jesus #5] A Festa de Casamento
· já tem leitura, pulando: [encontros-com-jesus #6] O Primeiro Cristão
· já tem leitura, pulando: [encontros-com-jesus #7] O Grande Inimigo
· já tem leitura, pulando: [encontros-com-jesus #8] Os Dois Advogados
· já tem leitura, pulando: [encontros-com-jesus #9] O Mestre Obediente
· já tem leitura, pulando: [encontros-com-jesus #10] À Direita do Pai
· já tem leitura, pulando: [encontros-com-jesus #11] A Coragem de Maria

=== O Natal Escondido — 9 aulas ===
· já tem leitura, pulando: [o-natal-escondido #1] Introdução
· já tem leitura, pulando: [o-natal-escondido #2] Uma Luz Raiou
· já tem leitura, pulando: [o-natal-escondido #3] As Mães de Jesus
· já tem leitura, pulando: [o-natal-escondido #4] Os Pais de Jesus
· já tem leitura, pulando: [o-natal-escondido #5] Onde Está o Rei?
· já tem leitura, pulando: [o-natal-escondido #6] A Fé de Maria
· já tem leitura, pulando: [o-natal-escondido #7] A Fé dos Pastores
· já tem leitura, pulando: [o-natal-escondido #8] Uma Espada na Alma
· já tem leitura, pulando: [o-natal-escondido #9] A Doutrina do Natal

=== A Cruz do Rei — 20 aulas ===
· já tem leitura, pulando: [a-cruz-do-rei #1] Introdução
· já tem leitura, pulando: [a-cruz-do-rei #2] A Dança
· já tem leitura, pulando: [a-cruz-do-rei #3] O Chamado
· já tem leitura, pulando: [a-cruz-do-rei #4] A Cura
· já tem leitura, pulando: [a-cruz-do-rei #5] O Descanso
· já tem leitura, pulando: [a-cruz-do-rei #6] O Poder
· já tem leitura, pulando: [a-cruz-do-rei #7] A Espera
· já tem leitura, pulando: [a-cruz-do-rei #8] A Mancha
· já tem leitura, pulando: [a-cruz-do-rei #9] A Aproximação
· já tem leitura, pulando: [a-cruz-do-rei #10] A Volta
· já tem leitura, pulando: [a-cruz-do-rei #11] A Montanha
· já tem leitura, pulando: [a-cruz-do-rei #12] A Armadilha
· já tem leitura, pulando: [a-cruz-do-rei #13] O Resgate
· já tem leitura, pulando: [a-cruz-do-rei #14] O Templo
· já tem leitura, pulando: [a-cruz-do-rei #15] A Festa
· já tem leitura, pulando: [a-cruz-do-rei #16] O Cálice
· já tem leitura, pulando: [a-cruz-do-rei #17] A Espada
· já tem leitura, pulando: [a-cruz-do-rei #18] O Fim
· já tem leitura, pulando: [a-cruz-do-rei #19] O Começo
· já tem leitura, pulando: [a-cruz-do-rei #20] Conclusão

=== O Significado do Casamento — 11 aulas ===
· já tem leitura, pulando: [o-significado-do-casamento #1] Introdução
· já tem leitura, pulando: [o-significado-do-casamento #2] O Segredo do Casamento
· já tem leitura, pulando: [o-significado-do-casamento #3] O Poder para o Casamento
· já tem leitura, pulando: [o-significado-do-casamento #4] A Essência do Casamento
· já tem leitura, pulando: [o-significado-do-casamento #5] A Missão do Casamento
· já tem leitura, pulando: [o-significado-do-casamento #6] Amar o Desconhecido
· já tem leitura, pulando: [o-significado-do-casamento #7] Acolher o Outro
· já tem leitura, pulando: [o-significado-do-casamento #8] Os Solteiros e o Casamento
· já tem leitura, pulando: [o-significado-do-casamento #9] O Sexo e o Casamento
· já tem leitura, pulando: [o-significado-do-casamento #10] Epílogo
· já tem leitura, pulando: [o-significado-do-casamento #11] Apêndice

=== Gálatas para Você — 18 aulas ===
· já tem leitura, pulando: [galatas-para-voce #1] A Singularidade do Evangelho
· já tem leitura, pulando: [galatas-para-voce #2] A Surpreendente Graça de Deus
· já tem leitura, pulando: [galatas-para-voce #3] A Unidade do Evangelho
· já tem leitura, pulando: [galatas-para-voce #4] Vivendo Conforme o Evangelho
· já tem leitura, pulando: [galatas-para-voce #5] Você Nunca Deixa o Evangelho para Trás
· já tem leitura, pulando: [galatas-para-voce #6] A Lei na Vida do Evangelho
· já tem leitura, pulando: [galatas-para-voce #7] Filhos de Deus
· já tem leitura, pulando: [galatas-para-voce #8] Duas Religiões, Dois Ministérios
· já tem leitura, pulando: [galatas-para-voce #9] Graça para com a Estéril
· já tem leitura, pulando: [galatas-para-voce #10] A Liberdade do Evangelho
· já tem leitura, pulando: [galatas-para-voce #11] I A fé literalmente energiza o amor.
· já tem leitura, pulando: [galatas-para-voce #12] Temos mais motivos para am ar a Deus do que antes. I
· já tem leitura, pulando: [galatas-para-voce #13] O Caráter do Evangelho
· já tem leitura, pulando: [galatas-para-voce #14] A carne destrói os relacionamentos. I
· já tem leitura, pulando: [galatas-para-voce #15] Relacionamentos do Evangelho
· já tem leitura, pulando: [galatas-para-voce #16] Semeando e Colhendo
· já tem leitura, pulando: [galatas-para-voce #17] I O pecado faz as coisas se desintegrarem.
· já tem leitura, pulando: [galatas-para-voce #18] A advertência é dura, mas a promessa é maravilhosa. I

=== O Evangelho no Centro — 16 aulas ===
· já tem leitura, pulando: [o-evangelho-no-centro #1] Prefácio
· já tem leitura, pulando: [o-evangelho-no-centro #2] D. A. Carson & Timothy Keller
· já tem leitura, pulando: [o-evangelho-no-centro #3] Richard D. Phillips
· já tem leitura, pulando: [o-evangelho-no-centro #4] Mike Bullmore
· já tem leitura, pulando: [o-evangelho-no-centro #5] Andrew M. Davis
· já tem leitura, pulando: [o-evangelho-no-centro #6] Reddit Andrews III
· já tem leitura, pulando: [o-evangelho-no-centro #7] Colin S. Smith
· já tem leitura, pulando: [o-evangelho-no-centro #8] Bryan Chapell
· já tem leitura, pulando: [o-evangelho-no-centro #9] Sandy Willson
· já tem leitura, pulando: [o-evangelho-no-centro #10] Philip Graham Ryken
· já tem leitura, pulando: [o-evangelho-no-centro #11] Kevin DeYoung
· já tem leitura, pulando: [o-evangelho-no-centro #12] Stephen Um
· já tem leitura, pulando: [o-evangelho-no-centro #13] Tim Savage
· já tem leitura, pulando: [o-evangelho-no-centro #14] Thabiti Anyabwile e J. Ligon Duncan
· já tem leitura, pulando: [o-evangelho-no-centro #15] Sam Storms
· já tem leitura, pulando: [o-evangelho-no-centro #16] da Coalizão Evangélica

=== Como Integrar Fé e Trabalho — 15 aulas ===
· já tem leitura, pulando: [fe-e-trabalho #1] Prefácio
· já tem leitura, pulando: [fe-e-trabalho #2] Introdução
· já tem leitura, pulando: [fe-e-trabalho #3] O design do trabalho
· já tem leitura, pulando: [fe-e-trabalho #4] A dignidade do trabalho
· já tem leitura, pulando: [fe-e-trabalho #5] O trabalho como cultivo
· já tem leitura, pulando: [fe-e-trabalho #6] O trabalho como serviço
· já tem leitura, pulando: [fe-e-trabalho #7] O trabalho se torna infrutífero
· já tem leitura, pulando: [fe-e-trabalho #8] O trabalho perde o sentido
· já tem leitura, pulando: [fe-e-trabalho #9] O trabalho se torna egoísta
· já tem leitura, pulando: [fe-e-trabalho #10] O trabalho revela nossos ídolos
· já tem leitura, pulando: [fe-e-trabalho #11] Novo enredo para o trabalho
· já tem leitura, pulando: [fe-e-trabalho #12] Novo conceito de trabalho
· já tem leitura, pulando: [fe-e-trabalho #13] Nova direção para o trabalho
· já tem leitura, pulando: [fe-e-trabalho #14] Novo poder para o trabalho
· já tem leitura, pulando: [fe-e-trabalho #15] Epílogo

=== Peregrinos da Eternidade — 10 aulas ===
· já tem leitura, pulando: [peregrinos-da-eternidade #1] Prefácio
· já tem leitura, pulando: [peregrinos-da-eternidade #2] O continuum eterno
· já tem leitura, pulando: [peregrinos-da-eternidade #3] Em palavra ou em poder
· já tem leitura, pulando: [peregrinos-da-eternidade #4] O mistério do chamado
· já tem leitura, pulando: [peregrinos-da-eternidade #5] Vitória pela derrota
· já tem leitura, pulando: [peregrinos-da-eternidade #6] O Esquecido
· já tem leitura, pulando: [peregrinos-da-eternidade #7] A iluminação do Espírito
· já tem leitura, pulando: [peregrinos-da-eternidade #8] O Espírito como poder
· já tem leitura, pulando: [peregrinos-da-eternidade #9] O Espírito Santo como fogo
· já tem leitura, pulando: [peregrinos-da-eternidade #10] A vida cheia do Espírito

=== Mundo Plural — 30 aulas ===
· já tem leitura, pulando: [mundo-plural #1] Para Willie
· já tem leitura, pulando: [mundo-plural #2] O plano deste livro
· já tem leitura, pulando: [mundo-plural #3] Aprendendo com o passado
· já tem leitura, pulando: [mundo-plural #4] Aprendendo a ser família de Deus
· já tem leitura, pulando: [mundo-plural #5] Contudo...
· já tem leitura, pulando: [mundo-plural #6] imagens bíblicas para a jornada
· já tem leitura, pulando: [mundo-plural #7] O amor saberá o que fazer
· já tem leitura, pulando: [mundo-plural #8] Toda aventura verdadeira começa com uma incerteza
· já tem leitura, pulando: [mundo-plural #9] Custos inesperados e graça inesperada
· já tem leitura, pulando: [mundo-plural #10] Viajando com pouco
· já tem leitura, pulando: [mundo-plural #11] Abraçando a humildade
· já tem leitura, pulando: [mundo-plural #12] Viajando juntos
· já tem leitura, pulando: [mundo-plural #13] Resistentes em nossos fracassos
· já tem leitura, pulando: [mundo-plural #14] Transformados pela aventura
· já tem leitura, pulando: [mundo-plural #15] Escrever como proclamação
· já tem leitura, pulando: [mundo-plural #16] Proclamando no contexto
· já tem leitura, pulando: [mundo-plural #17] Resgatando palavras
· já tem leitura, pulando: [mundo-plural #18] Diga tudo: conte a verdade para você mesmo
· já tem leitura, pulando: [mundo-plural #19] Diga tudo: dê testemunho
· já tem leitura, pulando: [mundo-plural #20] Diga tudo, mas nada que não seja humano
· já tem leitura, pulando: [mundo-plural #21] Diga tudo: um lugar seguro para dizer tudo
· já tem leitura, pulando: [mundo-plural #22] Amor
· já tem leitura, pulando: [mundo-plural #23] Estamos enraizados em um lugar, em uma cultura e em uma história
· já tem leitura, pulando: [mundo-plural #24] É no relacionamento que nos descobrimos
· já tem leitura, pulando: [mundo-plural #25] Levamos conosco feridas e faremos de tudo para não passar vergonha
· já tem leitura, pulando: [mundo-plural #26] Somos amados, conhecidos e belos
· já tem leitura, pulando: [mundo-plural #27] Somos viajantes
· já tem leitura, pulando: [mundo-plural #28] Não se apresse em falar
· já tem leitura, pulando: [mundo-plural #29] contas e apoio
· já tem leitura, pulando: [mundo-plural #30] Livros

=== O Evangelho Segundo os Apóstolos — 14 aulas ===
· já tem leitura, pulando: [evangelho-segundo-os-apostolos #1] Introdução
· já tem leitura, pulando: [evangelho-segundo-os-apostolos #2] Prólogo
· já tem leitura, pulando: [evangelho-segundo-os-apostolos #3] “salvação por Senhorio”
· já tem leitura, pulando: [evangelho-segundo-os-apostolos #4] Impossível Agradá-lo
· já tem leitura, pulando: [evangelho-segundo-os-apostolos #5] Graça barata. 0 termo é, em si mesmo, ofensivo.
· já tem leitura, pulando: [evangelho-segundo-os-apostolos #6] Pela Fé Somente
· já tem leitura, pulando: [evangelho-segundo-os-apostolos #7] Escravos da Justiça
· já tem leitura, pulando: [evangelho-segundo-os-apostolos #8] Com 0 Pecado
· já tem leitura, pulando: [evangelho-segundo-os-apostolos #9] Produz Obras
· já tem leitura, pulando: [evangelho-segundo-os-apostolos #10] Da Glória
· já tem leitura, pulando: [evangelho-segundo-os-apostolos #11] Poder de Deus
· já tem leitura, pulando: [evangelho-segundo-os-apostolos #12] Para Ser Salvo?
· já tem leitura, pulando: [evangelho-segundo-os-apostolos #13] Pontos de Vista
· já tem leitura, pulando: [evangelho-segundo-os-apostolos #14] Vozes do passado

=== Depressão — 25 aulas ===
· já tem leitura, pulando: [depressao #1] Prefácio
· já tem leitura, pulando: [depressao #2] Introdução
· já tem leitura, pulando: [depressao #3] Existe depressão na Bíblia
· já tem leitura, pulando: [depressao #4] Depressão será cada vez mais comum
· já tem leitura, pulando: [depressao #5] Você é um ser biológico, emocional e espiritual
· já tem leitura, pulando: [depressao #6] Depressão tem causas emocionais
· já tem leitura, pulando: [depressao #7] Depressão tem causas biológicas
· já tem leitura, pulando: [depressao #8] Somos espiritualmente influenciados
· já tem leitura, pulando: [depressao #9] Depressão não é ter pouca fé, pecado ou falta de oração
· já tem leitura, pulando: [depressao #10] Depressão rouba sua energia, interesse e prazer
· já tem leitura, pulando: [depressao #11] Depressão altera o funcionamento do seu corpo
· já tem leitura, pulando: [depressao #12] Depressão altera sua identidade
· já tem leitura, pulando: [depressao #13] Depressão pode andar junto com a ansiedade
· já tem leitura, pulando: [depressao #14] Nem toda depressão é igual
· já tem leitura, pulando: [depressao #15] Não deixe de ir ao médico
· já tem leitura, pulando: [depressao #16] psicólogo será instrumento de Deus
· já tem leitura, pulando: [depressao #17] A leitura bíblica mudará sua mente
· já tem leitura, pulando: [depressao #18] Deus pode mudar sua identidade
· já tem leitura, pulando: [depressao #19] Confesse e perdoe
· já tem leitura, pulando: [depressao #20] Creia em milagres
· já tem leitura, pulando: [depressao #21] Frequente uma comunidade
· já tem leitura, pulando: [depressao #22] A oração destrói fortalezas
· já tem leitura, pulando: [depressao #23] Não seja um líder super-herói
· já tem leitura, pulando: [depressao #24] Prevenir é melhor que remediar
· já tem leitura, pulando: [depressao #25] Palavra final: integrando psicologia, psiquiatria e fé cristã

=== Igreja Centrada — 39 aulas ===
· já tem leitura, pulando: [igreja-centrada #1] A Visão Teológica da Igreja Centrada
· já tem leitura, pulando: [igreja-centrada #2] Evangelho
· já tem leitura, pulando: [igreja-centrada #3] O Evangelho Não Corresponde a Tudo
· já tem leitura, pulando: [igreja-centrada #4] O Evangelho Não É Algo Simples
· já tem leitura, pulando: [igreja-centrada #5] O Evangelho Influencia Todas as Coisas
· já tem leitura, pulando: [igreja-centrada #6] A Necessidade da Renovação Pelo Evangelho
· já tem leitura, pulando: [igreja-centrada #7] A Essência da Renovação Pelo Evangelho
· já tem leitura, pulando: [igreja-centrada #8] A Obra da Renovação Pelo Evangelho
· já tem leitura, pulando: [igreja-centrada #9] Cidade
· já tem leitura, pulando: [igreja-centrada #10] Contextualização Intencional
· já tem leitura, pulando: [igreja-centrada #11] Contextualização Equilibrada
· já tem leitura, pulando: [igreja-centrada #12] Contextualização Bíblica
· já tem leitura, pulando: [igreja-centrada #13] Contextualização Ativa
· já tem leitura, pulando: [igreja-centrada #14] A Tensão da Cidade
· já tem leitura, pulando: [igreja-centrada #15] A Redenção e a Cidade
· já tem leitura, pulando: [igreja-centrada #16] O Chamado à Cidade
· já tem leitura, pulando: [igreja-centrada #17] O Evangelho para a Cidade
· já tem leitura, pulando: [igreja-centrada #18] capít u/o 15 A CRISE CULTURAL DA IGREJA
· já tem leitura, pulando: [igreja-centrada #19] * ¥tr
· já tem leitura, pulando: [igreja-centrada #20] As Respostas Culturais da Igreja
· já tem leitura, pulando: [igreja-centrada #21] Engajamento Cultural Pela Fusão das Perspectivas
· já tem leitura, pulando: [igreja-centrada #22] Equilíbrio da Cidade
· já tem leitura, pulando: [igreja-centrada #23] Movimento
· já tem leitura, pulando: [igreja-centrada #24] A Busca Pela Igreja Missional
· já tem leitura, pulando: [igreja-centrada #25] Centrando a Igreja Missional
· já tem leitura, pulando: [igreja-centrada #26] "j o ' o ~ gr*-*a ' , - — i m s u j s que v v m i
· já tem leitura, pulando: [igreja-centrada #27] Preparando as Pessoas para a Vida Missional
· já tem leitura, pulando: [igreja-centrada #28] O Equilíbrio das Frentes Ministeriais
· já tem leitura, pulando: [igreja-centrada #29] Pondo as Pessoas em Contato com Deus
· já tem leitura, pulando: [igreja-centrada #30] Pondo as Pessoas em Contato Umas com as Outras
· já tem leitura, pulando: [igreja-centrada #31] Pondo as Pessoas em Contato com a Cidade
· já tem leitura, pulando: [igreja-centrada #32] Pondo as Pessoas em Contato com a Cultura
· já tem leitura, pulando: [igreja-centrada #33] Movimentos e Instituições
· já tem leitura, pulando: [igreja-centrada #34] A Igreja Como Organismo Organizado
· já tem leitura, pulando: [igreja-centrada #35] A Plantação de Igrejas Como uma Dinâmica do Movimento
· já tem leitura, pulando: [igreja-centrada #36] A Cidade e o Ecossistema do Evangelho
· já tem leitura, pulando: [igreja-centrada #37] Treinamento rnmisteriai/ teológico t
· já tem leitura, pulando: [igreja-centrada #38] Equilíbrios da Igreja Centrada
· já tem leitura, pulando: [igreja-centrada #39] A Modernidade Tardia e a Igreja Centrada

=== 90 Dias em Gálatas, Juízes e Efésios — 89 aulas ===
· já tem leitura, pulando: [90-dias-galatas-juizes-efesios #1] Gálatas 1.1-5
· já tem leitura, pulando: [90-dias-galatas-juizes-efesios #2] Para quem Paulo está escrevendo (v. 2)? Paulo e sua mensagem
· já tem leitura, pulando: [90-dias-galatas-juizes-efesios #3] Gálatas 1.10-12
· já tem leitura, pulando: [90-dias-galatas-juizes-efesios #4] Gálatas 1.13-24
· já tem leitura, pulando: [90-dias-galatas-juizes-efesios #5] Gálatas 2.1-5
· já tem leitura, pulando: [90-dias-galatas-juizes-efesios #6] Gálatas 2.6-10
· já tem leitura, pulando: [90-dias-galatas-juizes-efesios #7] Gálatas 2.17-21
· já tem leitura, pulando: [90-dias-galatas-juizes-efesios #8] Gálatas 3.1-9
· já tem leitura, pulando: [90-dias-galatas-juizes-efesios #9] Gálatas 3.10-14
· já tem leitura, pulando: [90-dias-galatas-juizes-efesios #10] Gálatas 3.15-25
· já tem leitura, pulando: [90-dias-galatas-juizes-efesios #11] Gálatas 3.26—4.7
· já tem leitura, pulando: [90-dias-galatas-juizes-efesios #12] Gálatas 4.8-11
· já tem leitura, pulando: [90-dias-galatas-juizes-efesios #13] Gálatas 4.12-20
· já tem leitura, pulando: [90-dias-galatas-juizes-efesios #14] Gálatas 4.21-31
· já tem leitura, pulando: [90-dias-galatas-juizes-efesios #15] Gálatas 5.1-6
· já tem leitura, pulando: [90-dias-galatas-juizes-efesios #16] Gálatas 5.7-12
· já tem leitura, pulando: [90-dias-galatas-juizes-efesios #17] Gálatas 5.13-15
· já tem leitura, pulando: [90-dias-galatas-juizes-efesios #18] Gálatas 5.16-25
· já tem leitura, pulando: [90-dias-galatas-juizes-efesios #19] Gálatas 5.26—6.6
· já tem leitura, pulando: [90-dias-galatas-juizes-efesios #20] Gálatas 6.7-10
· já tem leitura, pulando: [90-dias-galatas-juizes-efesios #21] Gálatas 6.11-18
· já tem leitura, pulando: [90-dias-galatas-juizes-efesios #22] Juízes 1.1; Josué 1.1-9; 23.1-13
· já tem leitura, pulando: [90-dias-galatas-juizes-efesios #23] Juízes 1.1-36
· já tem leitura, pulando: [90-dias-galatas-juizes-efesios #24] Juízes 2.1-5
· já tem leitura, pulando: [90-dias-galatas-juizes-efesios #25] Juízes 2.6—3.11
· já tem leitura, pulando: [90-dias-galatas-juizes-efesios #26] juiz inesperado
· já tem leitura, pulando: [90-dias-galatas-juizes-efesios #27] Juízes 4.1-16
· já tem leitura, pulando: [90-dias-galatas-juizes-efesios #28] Juízes 4.17-24; 5.24-31
· já tem leitura, pulando: [90-dias-galatas-juizes-efesios #29] Juízes 5.1-31
· já tem leitura, pulando: [90-dias-galatas-juizes-efesios #30] Juízes 6.1-24
· já tem leitura, pulando: [90-dias-galatas-juizes-efesios #31] Juízes 6.25-40
· já tem leitura, pulando: [90-dias-galatas-juizes-efesios #32] Juízes 7.1-23
· já tem leitura, pulando: [90-dias-galatas-juizes-efesios #33] Juízes 7.24—8.21
· já tem leitura, pulando: [90-dias-galatas-juizes-efesios #34] Juízes 8.22-31
· já tem leitura, pulando: [90-dias-galatas-juizes-efesios #35] Juízes 8.29—10.5
· já tem leitura, pulando: [90-dias-galatas-juizes-efesios #36] Juízes 10.6—11.11
· já tem leitura, pulando: [90-dias-galatas-juizes-efesios #37] Juízes 11.12-29
· já tem leitura, pulando: [90-dias-galatas-juizes-efesios #38] Juízes 11.29—12.8
· já tem leitura, pulando: [90-dias-galatas-juizes-efesios #39] Juízes 13.1-7
· já tem leitura, pulando: [90-dias-galatas-juizes-efesios #40] Juízes 13.6-25
· já tem leitura, pulando: [90-dias-galatas-juizes-efesios #41] Juízes 14.1-20
· já tem leitura, pulando: [90-dias-galatas-juizes-efesios #42] Juízes 15.1-20
· já tem leitura, pulando: [90-dias-galatas-juizes-efesios #43] Juízes 15.20—16.21
· já tem leitura, pulando: [90-dias-galatas-juizes-efesios #44] Juízes 16.22-31
· já tem leitura, pulando: [90-dias-galatas-juizes-efesios #45] Juízes 17.1-12
· já tem leitura, pulando: [90-dias-galatas-juizes-efesios #46] Juízes 17.13—18.31
· já tem leitura, pulando: [90-dias-galatas-juizes-efesios #47] Juízes 19.1—20.7
· já tem leitura, pulando: [90-dias-galatas-juizes-efesios #48] Juízes 20.8-48
· já tem leitura, pulando: [90-dias-galatas-juizes-efesios #49] Juízes 21.1-24
· já tem leitura, pulando: [90-dias-galatas-juizes-efesios #50] Juízes 21.25
· já tem leitura, pulando: [90-dias-galatas-juizes-efesios #51] Efésios 1.1,2
· já tem leitura, pulando: [90-dias-galatas-juizes-efesios #52] Efésios 1.3
· já tem leitura, pulando: [90-dias-galatas-juizes-efesios #53] Efésios 1.4-6
· já tem leitura, pulando: [90-dias-galatas-juizes-efesios #54] Efésios 1.7-10
· já tem leitura, pulando: [90-dias-galatas-juizes-efesios #55] Efésios 1.11-14
· já tem leitura, pulando: [90-dias-galatas-juizes-efesios #56] Efésios 1.15,16
· já tem leitura, pulando: [90-dias-galatas-juizes-efesios #57] Efésios 1.17-20
· já tem leitura, pulando: [90-dias-galatas-juizes-efesios #58] Efésios 1.18-23
· já tem leitura, pulando: [90-dias-galatas-juizes-efesios #59] Efésios 2.1-3
· já tem leitura, pulando: [90-dias-galatas-juizes-efesios #60] Efésios 2.4-10
· já tem leitura, pulando: [90-dias-galatas-juizes-efesios #61] Efésios 2.8-10
· já tem leitura, pulando: [90-dias-galatas-juizes-efesios #62] Efésios 2.11-13
· já tem leitura, pulando: [90-dias-galatas-juizes-efesios #63] “... e
· já tem leitura, pulando: [90-dias-galatas-juizes-efesios #64] Efésios 2.19-22
· já tem leitura, pulando: [90-dias-galatas-juizes-efesios #65] Efésios 3.1-3
· já tem leitura, pulando: [90-dias-galatas-juizes-efesios #66] Efésios 3.4-9
· já tem leitura, pulando: [90-dias-galatas-juizes-efesios #67] Efésios 3.10-13
· já tem leitura, pulando: [90-dias-galatas-juizes-efesios #68] Efésios 3.14,15
· já tem leitura, pulando: [90-dias-galatas-juizes-efesios #69] Efésios 3.16,17a
· já tem leitura, pulando: [90-dias-galatas-juizes-efesios #70] Efésios 3.17b-21
· já tem leitura, pulando: [90-dias-galatas-juizes-efesios #71] Efésios 4.1-3
· já tem leitura, pulando: [90-dias-galatas-juizes-efesios #72] Efésios 4.4-6
· já tem leitura, pulando: [90-dias-galatas-juizes-efesios #73] Efésios 4.7-13
· já tem leitura, pulando: [90-dias-galatas-juizes-efesios #74] Efésios 4.14-16
· já tem leitura, pulando: [90-dias-galatas-juizes-efesios #75] Efésios 4.17-19
· já tem leitura, pulando: [90-dias-galatas-juizes-efesios #76] Efésios 4.20-24
· já tem leitura, pulando: [90-dias-galatas-juizes-efesios #77] Efésios 4.25-32
· já tem leitura, pulando: [90-dias-galatas-juizes-efesios #78] Efésios 4.32—5.2
· já tem leitura, pulando: [90-dias-galatas-juizes-efesios #79] Efésios 5.1-8
· já tem leitura, pulando: [90-dias-galatas-juizes-efesios #80] Efésios 5.8-20
· já tem leitura, pulando: [90-dias-galatas-juizes-efesios #81] Efésios 5.21-24
· já tem leitura, pulando: [90-dias-galatas-juizes-efesios #82] Efésios 5.25-30
· já tem leitura, pulando: [90-dias-galatas-juizes-efesios #83] Efésios 5.29-33
· já tem leitura, pulando: [90-dias-galatas-juizes-efesios #84] Efésios 6.1-4
· já tem leitura, pulando: [90-dias-galatas-juizes-efesios #85] Efésios 6.5-9
· já tem leitura, pulando: [90-dias-galatas-juizes-efesios #86] igreja. Nossa luta
· já tem leitura, pulando: [90-dias-galatas-juizes-efesios #87] Efésios 6.13-17
· já tem leitura, pulando: [90-dias-galatas-juizes-efesios #88] Efésios 6.18-20
· já tem leitura, pulando: [90-dias-galatas-juizes-efesios #89] Efésios 6.21-24

=== Mais Que Um Carpinteiro — 13 aulas ===
· já tem leitura, pulando: [mais-que-um-carpinteiro #1] Prefácio
· já tem leitura, pulando: [mais-que-um-carpinteiro #2] Minha história
· já tem leitura, pulando: [mais-que-um-carpinteiro #3] O que torna Jesus uma pessoa tão diferente?
· já tem leitura, pulando: [mais-que-um-carpinteiro #4] Senhor, mentiroso ou lunático?
· já tem leitura, pulando: [mais-que-um-carpinteiro #5] O que dizer a respeito da ciência?
· já tem leitura, pulando: [mais-que-um-carpinteiro #6] O desafio do novo ateísmo
· já tem leitura, pulando: [mais-que-um-carpinteiro #7] Os documentos bíblicos são confiáveis?
· já tem leitura, pulando: [mais-que-um-carpinteiro #8] Quem morreria por uma mentira?
· já tem leitura, pulando: [mais-que-um-carpinteiro #9] Você soube o que aconteceu com Saulo?
· já tem leitura, pulando: [mais-que-um-carpinteiro #10] Alguém pode deter um homem bom?
· já tem leitura, pulando: [mais-que-um-carpinteiro #11] Que o verdadeiro Messias se apresente, por favor!
· já tem leitura, pulando: [mais-que-um-carpinteiro #12] Não existe outro caminho?
· já tem leitura, pulando: [mais-que-um-carpinteiro #13] Ele mudou minha vida

=== O Silêncio de Adão — 16 aulas ===
· já tem leitura, pulando: [o-silencio-de-adao #1] Introdução
· já tem leitura, pulando: [o-silencio-de-adao #2] A história começa
· já tem leitura, pulando: [o-silencio-de-adao #3] Uma visão para os homens
· já tem leitura, pulando: [o-silencio-de-adao #4] Homens viris e homens pouco viris
· já tem leitura, pulando: [o-silencio-de-adao #5] Teologia da receita
· já tem leitura, pulando: [o-silencio-de-adao #6] Adentrando a escuridão
· já tem leitura, pulando: [o-silencio-de-adao #7] De caos em caos
· já tem leitura, pulando: [o-silencio-de-adao #8] Um chamado a ser lembrado
· já tem leitura, pulando: [o-silencio-de-adao #9] Ele estava lá e se calou
· já tem leitura, pulando: [o-silencio-de-adao #10] Conclusão da primeira parte
· já tem leitura, pulando: [o-silencio-de-adao #11] Homens que combatem a escuridão
· já tem leitura, pulando: [o-silencio-de-adao #12] A Maneira Como os Homens Pouco Viris se Relacionam
· já tem leitura, pulando: [o-silencio-de-adao #13] Pais: homens que acreditam em nós
· já tem leitura, pulando: [o-silencio-de-adao #14] Irmãos: homens que compartilham segredos
· já tem leitura, pulando: [o-silencio-de-adao #15] O sonho restaurado: uma geração de mentores
· já tem leitura, pulando: [o-silencio-de-adao #16] A história continua

=== O Custo do Discipulado — 5 aulas ===
· já tem leitura, pulando: [o-custo-do-discipulado #1] Prefácio
· já tem leitura, pulando: [o-custo-do-discipulado #2] Introdução
· já tem leitura, pulando: [o-custo-do-discipulado #3] Discipulado
· já tem leitura, pulando: [o-custo-do-discipulado #4] Imitação de Cristo
· já tem leitura, pulando: [o-custo-do-discipulado #5] Conclusão

=== O Poder da Garota que Ora — 15 aulas ===
· já tem leitura, pulando: [garota-que-ora #1] Minhas orações são importantes para Deus?
· já tem leitura, pulando: [garota-que-ora #2] Por que às vezes me sinto assim?
· já tem leitura, pulando: [garota-que-ora #3] Como ser sempre eu mesma?
· já tem leitura, pulando: [garota-que-ora #4] O que fazer quando me sinto ocupada demais?
· já tem leitura, pulando: [garota-que-ora #5] Deus tem um propósito para minha vida?
· já tem leitura, pulando: [garota-que-ora #6] Como devo orar quando sinto medo?
· já tem leitura, pulando: [garota-que-ora #7] Deus me ajudará a permanecer em segurança?
· já tem leitura, pulando: [garota-que-ora #8] Por que preciso de discernimento e como consegui-lo?
· já tem leitura, pulando: [garota-que-ora #9] Como posso ter bons relacionamentos sempre?
· já tem leitura, pulando: [garota-que-ora #10] De que maneiras simples posso demonstrar bondade aos outros?
· já tem leitura, pulando: [garota-que-ora #11] Posso ser feliz quando não me sinto bem?
· já tem leitura, pulando: [garota-que-ora #12] O que acontece quando leio a Bíblia?
· já tem leitura, pulando: [garota-que-ora #13] Posso mesmo fazer a diferença quando oro?
· já tem leitura, pulando: [garota-que-ora #14] Como conversar com pessoas cujas crenças são diferentes das minhas?
· já tem leitura, pulando: [garota-que-ora #15] E se minha oração não for atendida?

=== Os 5 Níveis da Liderança — 38 aulas ===
· já tem leitura, pulando: [os-5-niveis-da-lideranca #1] Você Pode Ter uma Estratégia de Liderança para sua Vida
· já tem leitura, pulando: [os-5-niveis-da-lideranca #2] Você Pode Aprender Ferramentas Práticas de Liderança
· já tem leitura, pulando: [os-5-niveis-da-lideranca #3] Insights sobre os 5 Níveis da Liderança
· já tem leitura, pulando: [os-5-niveis-da-lideranca #4] Parte 1: Características dos Níveis de Liderança
· já tem leitura, pulando: [os-5-niveis-da-lideranca #5] Parte 2: Avalição Individual dos Membros da Equipe — O Ponto de Vista do Líder
· já tem leitura, pulando: [os-5-niveis-da-lideranca #6] Parte 3: Avaliação de Liderança O Ponto de Vista do Membro da Equipe
· já tem leitura, pulando: [os-5-niveis-da-lideranca #7] Parte 4: Avaliação do Nível de Liderança Atual
· já tem leitura, pulando: [os-5-niveis-da-lideranca #8] As Vantagens da Posição Você Foi Convidado à Mesa da Liderança
· já tem leitura, pulando: [os-5-niveis-da-lideranca #9] As Desvantagens da Posição A Verdadeira Liderança não Diz Respeito à Posição
· já tem leitura, pulando: [os-5-niveis-da-lideranca #10] Os Melhores Comportamentos para o Nível 1 Como Tirar o Máximo Proveito de sua Posição
· já tem leitura, pulando: [os-5-niveis-da-lideranca #11] As Leis da Liderança Relacionadas ao Nível da Posição
· já tem leitura, pulando: [os-5-niveis-da-lideranca #12] Crenças que Ajudam o Líder a Subir para o Nível 2
· já tem leitura, pulando: [os-5-niveis-da-lideranca #13] Guia para Crescer no Nível 1
· já tem leitura, pulando: [os-5-niveis-da-lideranca #14] As Vantagens da Permissão O Local de Trabalho Torna-se mais Agradável para todos
· já tem leitura, pulando: [os-5-niveis-da-lideranca #15] As Desvantagens da Permissão A Pressão para Construir Relações Positivas Está sobre Você
· já tem leitura, pulando: [os-5-niveis-da-lideranca #16] Os Melhores Comportamentos para o Nível 2 Como Ganhar a Permissão dos Liderados
· já tem leitura, pulando: [os-5-niveis-da-lideranca #17] As Leis da Liderança Relacionadas ao Nível da Permissão
· já tem leitura, pulando: [os-5-niveis-da-lideranca #18] Crenças que Ajudam o Líder a Subir para o Nível 3
· já tem leitura, pulando: [os-5-niveis-da-lideranca #19] Guia para Crescer no Nível 2
· já tem leitura, pulando: [os-5-niveis-da-lideranca #20] As Vantagens da Produção Agora Você Tem a Credibilidade para Liderar
· já tem leitura, pulando: [os-5-niveis-da-lideranca #21] As Desvantagens da Produção O Peso da Liderança Acaba de Ficar mais Pesado
· já tem leitura, pulando: [os-5-niveis-da-lideranca #22] Os Melhores Comportamentos para o Nível 3 Como Tirar o Máximo Proveito da Produção na Liderança
· já tem leitura, pulando: [os-5-niveis-da-lideranca #23] As Leis da Liderança Relacionadas ao Nível da Produção
· já tem leitura, pulando: [os-5-niveis-da-lideranca #24] Crenças que Ajudam o Líder a Subir para o Nível 4
· já tem leitura, pulando: [os-5-niveis-da-lideranca #25] Guia para Crescer no Nível 3
· já tem leitura, pulando: [os-5-niveis-da-lideranca #26] As Vantagens do Desenvolvimento de Pessoas O Potencial da Empresa Acaba de Aumentar
· já tem leitura, pulando: [os-5-niveis-da-lideranca #27] As Desvantagens do Desenvolvimento de Pessoas Liderar no Nível 4 Requer Elevado Grau de Maturidade e Habilidade
· já tem leitura, pulando: [os-5-niveis-da-lideranca #28] Recrutamento — Encontre as Melhores Pessoas Possíveis
· já tem leitura, pulando: [os-5-niveis-da-lideranca #29] As Leis da Liderança Relacionadas ao Nível do Desenvolvimento de Pessoas
· já tem leitura, pulando: [os-5-niveis-da-lideranca #30] Crenças que Ajudam o Líder a Subir para o Nível 5
· já tem leitura, pulando: [os-5-niveis-da-lideranca #31] Guia para Crescer no Nível 4
· já tem leitura, pulando: [os-5-niveis-da-lideranca #32] As Vantagens do Pináculo Sua Influência se Expande além do seu Alcance e Tempo
· já tem leitura, pulando: [os-5-niveis-da-lideranca #33] As Desvantagens do Pináculo Você Pode Começar a Acreditar que tudo Diz Respeito a Você
· já tem leitura, pulando: [os-5-niveis-da-lideranca #34] Os Melhores Comportamentos para o Nível 5 Como Usar o Pináculo como Plataforma para Fazer Algo Maior que Você Mesmo
· já tem leitura, pulando: [os-5-niveis-da-lideranca #35] As Leis da Liderança Relacionadas ao Nível do Pináculo
· já tem leitura, pulando: [os-5-niveis-da-lideranca #36] Ajude as Pessoas a Subir para os Níveis 4 e 5 Crie Momentos de Cadinho para os Líderes que Você Desenvolve
· já tem leitura, pulando: [os-5-niveis-da-lideranca #37] Guia para Estar no seu Melhor no Nível 5
· já tem leitura, pulando: [os-5-niveis-da-lideranca #38] Retrato de um Líder de Nível 5 Técnico John Wooden

=== As 5 Linguagens do Amor na Prática — 13 aulas ===
· já tem leitura, pulando: [5-linguagens-do-amor-pratica #1] Introdução
· já tem leitura, pulando: [5-linguagens-do-amor-pratica #2] Janeiro
· já tem leitura, pulando: [5-linguagens-do-amor-pratica #3] Fevereiro
· já tem leitura, pulando: [5-linguagens-do-amor-pratica #4] Março
· já tem leitura, pulando: [5-linguagens-do-amor-pratica #5] Abril
· já tem leitura, pulando: [5-linguagens-do-amor-pratica #6] Maio
· já tem leitura, pulando: [5-linguagens-do-amor-pratica #7] Junho
· já tem leitura, pulando: [5-linguagens-do-amor-pratica #8] Julho
· já tem leitura, pulando: [5-linguagens-do-amor-pratica #9] Agosto
· já tem leitura, pulando: [5-linguagens-do-amor-pratica #10] Setembro
· já tem leitura, pulando: [5-linguagens-do-amor-pratica #11] Outubro
· já tem leitura, pulando: [5-linguagens-do-amor-pratica #12] Novembro
· já tem leitura, pulando: [5-linguagens-do-amor-pratica #13] Dezembro

=== Moisés — 15 aulas ===
· já tem leitura, pulando: [moises #1] Êxodo: O Cenário da Libertação
· já tem leitura, pulando: [moises #2] Nascido Depois da Meia-Noite
· já tem leitura, pulando: [moises #3] A Vontade de Deus, a Meu Modo
· já tem leitura, pulando: [moises #4] As Lições do Fracasso
· já tem leitura, pulando: [moises #5] O Deserto: A Escola da Autodescoberta
· já tem leitura, pulando: [moises #6] Sarças Ardentes e Segundas Oportunidades
· já tem leitura, pulando: [moises #7] Quem? Eu, Senhor?
· já tem leitura, pulando: [moises #8] A Vontade de Deus, à Maneira de Deus
· já tem leitura, pulando: [moises #9] Indo de Mal a Pior
· já tem leitura, pulando: [moises #10] Pragas que Pregam
· já tem leitura, pulando: [moises #11] Entre o Diabo e o Mar Vermelho
· já tem leitura, pulando: [moises #12] Dieta Celestial versus Apetite Terreno
· já tem leitura, pulando: [moises #13] Reclamações Contra um Líder Piedoso
· já tem leitura, pulando: [moises #14] Pondo-se no Lugar de Moisés
· já tem leitura, pulando: [moises #15] Obituário de um Herói

=== Davi — 25 aulas ===
· já tem leitura, pulando: [davi #1] Davi: Um Homem Segundo o Coração de Deus
· já tem leitura, pulando: [davi #2] O Coração de Deus, o Homem de Deus e os Caminhos de Deus
· já tem leitura, pulando: [davi #3] Ninguém que Ninguém Notou
· já tem leitura, pulando: [davi #4] Música Suave para um Coração Endurecido
· já tem leitura, pulando: [davi #5] Davi e o Gigante: A Batalha no Vale de Elá
· já tem leitura, pulando: [davi #6] Consequências da Morte de um Gigante
· já tem leitura, pulando: [davi #7] A Remoção de Todas as Muletas
· já tem leitura, pulando: [davi #8] Só para os que Habitam em Cavernas
· já tem leitura, pulando: [davi #9] A Tentação mais Sutil da Vida
· já tem leitura, pulando: [davi #10] Como Alimentar a Ira de um Homem
· já tem leitura, pulando: [davi #11] Dias Sombrios... Noites Escuras
· já tem leitura, pulando: [davi #12] Duas Mortes... Um Estudo de Contrastes
· já tem leitura, pulando: [davi #13] Rei Novo, Trono Novo, o Mesmo Senhor
· já tem leitura, pulando: [davi #14] Davi e a Arca
· já tem leitura, pulando: [davi #15] Quando Deus Diz Não
· já tem leitura, pulando: [davi #16] Graça num Lugar Árido
· já tem leitura, pulando: [davi #17] O Caso da Janela Aberta
· já tem leitura, pulando: [davi #18] Confronto!
· já tem leitura, pulando: [davi #19] Problemas em Casa
· já tem leitura, pulando: [davi #20] Vencendo as Dificuldades
· já tem leitura, pulando: [davi #21] Amigos na Necessidade
· já tem leitura, pulando: [davi #22] Grande o Suficiente para Perdoar
· já tem leitura, pulando: [davi #23] Uma Canção de Triunfo
· já tem leitura, pulando: [davi #24] Quando os Piedosos Mostram Insensatez
· já tem leitura, pulando: [davi #25] O Fim de uma Era

=== Elias — 17 aulas ===
· já tem leitura, pulando: [elias #1] Elias: um homem de heroísmo e humildade
· já tem leitura, pulando: [elias #2] Elias, um homem de heroísmo e humildade
· já tem leitura, pulando: [elias #3] Colocando-se na brecha
· já tem leitura, pulando: [elias #4] Sua terra
· já tem leitura, pulando: [elias #5] Seu estilo
· já tem leitura, pulando: [elias #6] O campo de treinamento de Querite
· já tem leitura, pulando: [elias #7] O propósito do Getsêmani
· já tem leitura, pulando: [elias #8] Treinamento avançado em Sarepta
· já tem leitura, pulando: [elias #9] Sob a sombra de Deus
· já tem leitura, pulando: [elias #10] O Deus que responde pelo fogo
· já tem leitura, pulando: [elias #11] Um homem de Deus, uma promessa de Deus
· já tem leitura, pulando: [elias #12] Cura para as tristezas
· já tem leitura, pulando: [elias #13] Cuidado com o inimigo
· já tem leitura, pulando: [elias #14] Firme diante do maior inimigo: o eu
· já tem leitura, pulando: [elias #15] Confiança em Deus e vigilância contra o inimigo
· já tem leitura, pulando: [elias #16] Pronto para partir: a esperança além da morte
· já tem leitura, pulando: [elias #17] Elias e o retrato de Cristo

=== Ester — 14 aulas ===
· já tem leitura, pulando: [ester #1] Ester: uma mulher de sensibilidade e coragem
· já tem leitura, pulando: [ester #2] A providência invisível de Deus
· já tem leitura, pulando: [ester #3] Lá vai ela — a Miss Pérsia!
· já tem leitura, pulando: [ester #4] Manifestação de sensibilidade e coragem
· já tem leitura, pulando: [ester #5] Interlúdio maligno
· já tem leitura, pulando: [ester #6] Pensando e dizendo o que é certo, haja o que houver
· já tem leitura, pulando: [ester #7] A hora esplendorosa de Ester
· já tem leitura, pulando: [ester #8] O que vai sempre volta
· já tem leitura, pulando: [ester #9] A magnífica soberania de Deus
· já tem leitura, pulando: [ester #10] E os muros ruíram
· já tem leitura, pulando: [ester #11] As limitações da vingança
· já tem leitura, pulando: [ester #12] Depois do sofrimento, comemoração!
· já tem leitura, pulando: [ester #13] No final, Deus vence
· já tem leitura, pulando: [ester #14] Ester: princípios duradouros para um tempo como este

=== Jó — 29 aulas ===
· já tem leitura, pulando: [jo #1] Jó: Um Homem de Tolerância Heróica
· já tem leitura, pulando: [jo #2] Preparando o Palco para o Desastre
· já tem leitura, pulando: [jo #3] Cambaleando e se Recuperando de Notícias Devastadoras
· já tem leitura, pulando: [jo #4] Satanás vs. Jó - Segundo Round
· já tem leitura, pulando: [jo #5] Outra Audiência com o Adversário
· já tem leitura, pulando: [jo #6] Segundo Round: Intensificação do Sofrimento
· já tem leitura, pulando: [jo #7] Conselho de Jó aos Maridos e Amigos
· já tem leitura, pulando: [jo #8] Conselhos aos Maridos
· já tem leitura, pulando: [jo #9] Aviso aos Amigos
· já tem leitura, pulando: [jo #10] O Lamento Triste de um Homem Infeliz
· já tem leitura, pulando: [jo #11] Respondendo aos Maus Conselhos
· já tem leitura, pulando: [jo #12] Continuando o Duelo Verbal
· já tem leitura, pulando: [jo #13] Quando a Censura e a Resistência Colidem
· já tem leitura, pulando: [jo #14] Palavras Maldosas para um Sofredor
· já tem leitura, pulando: [jo #15] Garantia de Esperança para o Agredido e Insultado
· já tem leitura, pulando: [jo #16] O Silêncio e a Distância de Deus
· já tem leitura, pulando: [jo #17] Respondendo com Sabedoria às Falsas Acusações
· já tem leitura, pulando: [jo #18] Como Enfrentar as Críticas com Classe
· já tem leitura, pulando: [jo #19] Terceiro Round com Elifaz... Ainda Criticando
· já tem leitura, pulando: [jo #20] A Futilidade de Desenroscar o Inescrutável
· já tem leitura, pulando: [jo #21] Novo Compromisso com as Coisas Importantes
· já tem leitura, pulando: [jo #22] O Testemunho Fervoroso de um Inocente
· já tem leitura, pulando: [jo #23] Outro Monólogo Demorado
· já tem leitura, pulando: [jo #24] Uma Reprovação Severa do Todo-Poderoso
· já tem leitura, pulando: [jo #25] Pleno Arrependimento pelos Motivos Certos
· já tem leitura, pulando: [jo #26] Finalmente... Chega a Justiça
· já tem leitura, pulando: [jo #27] E Jó Viveu Feliz para Sempre... Será?
· já tem leitura, pulando: [jo #28] O Que Jó Nos Ensina a Nosso Próprio Respeito
· já tem leitura, pulando: [jo #29] O Que Jó Nos Ensina Sobre o Nosso Deus

=== Jesus — 21 aulas ===
· já tem leitura, pulando: [vida-de-jesus #1] Jesus, o maior de todos
· já tem leitura, pulando: [vida-de-jesus #2] A identidade da divindade
· já tem leitura, pulando: [vida-de-jesus #3] Divindade de fraldas
· já tem leitura, pulando: [vida-de-jesus #4] Respondendo ao Redentor
· já tem leitura, pulando: [vida-de-jesus #5] Deus planejou
· já tem leitura, pulando: [vida-de-jesus #6] Descansando em Cristo
· já tem leitura, pulando: [vida-de-jesus #7] É melhor descansar
· já tem leitura, pulando: [vida-de-jesus #8] Jesus
· já tem leitura, pulando: [vida-de-jesus #9] O médico dos médicos
· já tem leitura, pulando: [vida-de-jesus #10] Permanecendo em Cristo
· já tem leitura, pulando: [vida-de-jesus #11] A tempestade que se aproxima
· já tem leitura, pulando: [vida-de-jesus #12] Traído e preso
· já tem leitura, pulando: [vida-de-jesus #13] Análise do vexame de um tribunal
· já tem leitura, pulando: [vida-de-jesus #14] Os julgamentos impetrados sobre Jesus
· já tem leitura, pulando: [vida-de-jesus #15] Os últimos julgamentos e a tortura de Jesus
· já tem leitura, pulando: [vida-de-jesus #16] Entregue para ser crucificado
· já tem leitura, pulando: [vida-de-jesus #17] Não tenham medo... Ele ressuscitou
· já tem leitura, pulando: [vida-de-jesus #18] Encontro com Jesus na estrada da vida
· já tem leitura, pulando: [vida-de-jesus #19] Escutando Jesus à beira-mar
· já tem leitura, pulando: [vida-de-jesus #20] Desafiado por Jesus na montanha
· já tem leitura, pulando: [vida-de-jesus #21] Olhando para Jesus nos ares

=== Paulo — 23 aulas ===
· já tem leitura, pulando: [paulo #1] Paulo: Um Homem de Coragem e Graça
· já tem leitura, pulando: [paulo #2] Permitam-me Apresentar-lhes Saulo de Tarso
· já tem leitura, pulando: [paulo #3] A Conquista Violenta de uma Vontade Rebelde
· já tem leitura, pulando: [paulo #4] A Fé Memorável de um Herói Esquecido
· já tem leitura, pulando: [paulo #5] A Necessidade de Solidão, Silêncio e Obscuridade
· já tem leitura, pulando: [paulo #6] Missão a Caminho... Graças aos Menos Famosos
· já tem leitura, pulando: [paulo #7] Saindo das Sombras
· já tem leitura, pulando: [paulo #8] Descobrindo a Alegria da Suficiência da Graça de Deus
· já tem leitura, pulando: [paulo #9] O Prazer de Trabalhar Juntos no Ministério
· já tem leitura, pulando: [paulo #10] Liberado para Obedecer
· já tem leitura, pulando: [paulo #11] As Arestas do Ministério Autêntico
· já tem leitura, pulando: [paulo #12] Uma Estratégia para Enfrentar Circunstâncias Extremas
· já tem leitura, pulando: [paulo #13] O Dia em que Dois Missionários se Desentenderam
· já tem leitura, pulando: [paulo #14] Viajando como Paulo
· já tem leitura, pulando: [paulo #15] Pregando como Paulo
· já tem leitura, pulando: [paulo #16] Liderando como Paulo
· já tem leitura, pulando: [paulo #17] Reagindo como Paulo
· já tem leitura, pulando: [paulo #18] Pensando como Paulo
· já tem leitura, pulando: [paulo #19] Confrontando a Crítica como Paulo
· já tem leitura, pulando: [paulo #20] Ficando Firme como Paulo
· já tem leitura, pulando: [paulo #21] Como Lidar com um Naufrágio
· já tem leitura, pulando: [paulo #22] Preso, Confinado, mas Ainda Ativo
· já tem leitura, pulando: [paulo #23] Algemado, Abandonado, mas Ainda Destemido

=== Os Quatro Amores — 6 aulas ===
· já tem leitura, pulando: [quatro-amores #1] Introdução
· já tem leitura, pulando: [quatro-amores #2] Gostar e amar em relação aos sub-humanos
· já tem leitura, pulando: [quatro-amores #3] Afeição
· já tem leitura, pulando: [quatro-amores #4] Amizade
· já tem leitura, pulando: [quatro-amores #5] Eros
· já tem leitura, pulando: [quatro-amores #6] Caridade

=== Santificação — 7 aulas ===
· já tem leitura, pulando: [santificacao #1] A recompensa do chamado supremo
· já tem leitura, pulando: [santificacao #2] Em defesa do evangelho
· já tem leitura, pulando: [santificacao #3] O coração do verdadeiro pastor
· já tem leitura, pulando: [santificacao #4] Cristo, a personificação da verdadeira santificação
· já tem leitura, pulando: [santificacao #5] A ênfase que se perdeu
· já tem leitura, pulando: [santificacao #6] Autenticidade e antinomianismo
· já tem leitura, pulando: [santificacao #7] O que a graça ensina

=== O Pastor Aprovado — 10 aulas ===
· já tem leitura, pulando: [pastor-aprovado #1] Introdução: Por Que Ler "O Pastor Aprovado" Hoje
· já tem leitura, pulando: [pastor-aprovado #2] O Caráter do Pastor e o Convívio com Outros Pastores
· já tem leitura, pulando: [pastor-aprovado #3] Cuidando de Nós Mesmos
· já tem leitura, pulando: [pastor-aprovado #4] O Pastor e Sua Necessidade de Arrependimento
· já tem leitura, pulando: [pastor-aprovado #5] Cuidando do Rebanho
· já tem leitura, pulando: [pastor-aprovado #6] Os Motivos do Cuidado Pastoral
· já tem leitura, pulando: [pastor-aprovado #7] As Razões para a Instrução Pastoral Pessoal
· já tem leitura, pulando: [pastor-aprovado #8] Diretrizes para a Direção Eficaz da Obra Pastoral
· já tem leitura, pulando: [pastor-aprovado #9] Algumas Dificuldades do Ensino Pastoral
· já tem leitura, pulando: [pastor-aprovado #10] Apêndices: A Associação de Worcestershire e o Acordo Pastoral

=== O Lugar Mais Seguro da Terra — 19 aulas ===
· já tem leitura, pulando: [lugar-mais-seguro #1] Nossas cadeiras
· já tem leitura, pulando: [lugar-mais-seguro #2] Pelo amor de Deus, não espere que seja fácil
· já tem leitura, pulando: [lugar-mais-seguro #3] Não é fácil, mas vale a pena
· já tem leitura, pulando: [lugar-mais-seguro #4] A união sobrenatural
· já tem leitura, pulando: [lugar-mais-seguro #5] Comunidade
· já tem leitura, pulando: [lugar-mais-seguro #6] Por que comunidade não espiritual?
· já tem leitura, pulando: [lugar-mais-seguro #7] Dois quartos
· já tem leitura, pulando: [lugar-mais-seguro #8] O quarto inferior
· já tem leitura, pulando: [lugar-mais-seguro #9] A melhor cura para a hipocrisia é a comunidade
· já tem leitura, pulando: [lugar-mais-seguro #10] Os quatro móveis do nosso quarto inferior
· já tem leitura, pulando: [lugar-mais-seguro #11] Não há maior ato de fé do que acreditar que existe algo bom
· já tem leitura, pulando: [lugar-mais-seguro #12] O mobiliário do quarto superior
· já tem leitura, pulando: [lugar-mais-seguro #13] Convenções fundacionais
· já tem leitura, pulando: [lugar-mais-seguro #14] Comunidade espiritual
· já tem leitura, pulando: [lugar-mais-seguro #15] A paixão de empoderar
· já tem leitura, pulando: [lugar-mais-seguro #16] Gerentes ou místicos: o mistério da comunidade
· já tem leitura, pulando: [lugar-mais-seguro #17] O risco
· já tem leitura, pulando: [lugar-mais-seguro #18] Um caminho para desenvolver a comunidade espiritual
· já tem leitura, pulando: [lugar-mais-seguro #19] Comunidade espiritual

=== Uma Questão de Honra — 14 aulas ===
· já tem leitura, pulando: [questao-de-honra #1] Honrar a Deus com nossos bens: a postura antes da oferta
· já tem leitura, pulando: [questao-de-honra #2] O princípio da honra: distinguir o Senhor em tudo
· já tem leitura, pulando: [questao-de-honra #3] A Lei das Primícias: entregar a Deus o primeiro e melhor
· já tem leitura, pulando: [questao-de-honra #4] O saco furado: quando Deus fica por último
· já tem leitura, pulando: [questao-de-honra #5] A questão do dinheiro: ter dinheiro sem o coração nele
· já tem leitura, pulando: [questao-de-honra #6] Aprendendo o contentamento: descansar no que Deus dá
· já tem leitura, pulando: [questao-de-honra #7] Integridade nas finanças: honrar a Deus pela conduta
· já tem leitura, pulando: [questao-de-honra #8] Diferentes níveis de contribuição: dízimos, ofertas e esmolas
· já tem leitura, pulando: [questao-de-honra #9] Celebrando a redenção: reconhecer que tudo é do Senhor
· já tem leitura, pulando: [questao-de-honra #10] Entendendo a mordomia: administrar o que é de Deus
· já tem leitura, pulando: [questao-de-honra #11] Algumas leis da contribuição: fidelidade que começa no pouco
· já tem leitura, pulando: [questao-de-honra #12] Semeadura e ceifa: o princípio que Deus instituiu
· já tem leitura, pulando: [questao-de-honra #13] Dar e receber: a alegria de oferecer do que é seu
· já tem leitura, pulando: [questao-de-honra #14] Discernindo o corpo de Cristo: atitudes que geram bênção ou juízo

=== Graça Livre — 1 aulas ===
· já tem leitura, pulando: [graca-livre #1] Graça Livre

=== Medita Estas Coisas — 3 aulas ===
· já tem leitura, pulando: [medita-estas-coisas #1] Entende o Evangelho
· já tem leitura, pulando: [medita-estas-coisas #2] Examina as Escrituras
· já tem leitura, pulando: [medita-estas-coisas #3] Medita Estas Coisas

=== Redescobrindo o Ministério Pastoral — 22 aulas ===
· já tem leitura, pulando: [redescobrindo-ministerio #1] Redescobrindo o Ministério Pastoral
· já tem leitura, pulando: [redescobrindo-ministerio #2] O que o Pastor Deve Ser e Fazer
· já tem leitura, pulando: [redescobrindo-ministerio #3] O Ministério Pastoral na História
· já tem leitura, pulando: [redescobrindo-ministerio #4] Concepção Bíblica do Ministério Pastoral
· já tem leitura, pulando: [redescobrindo-ministerio #5] O Caráter do Pastor
· já tem leitura, pulando: [redescobrindo-ministerio #6] O Chamado para o Ministério Pastoral
· já tem leitura, pulando: [redescobrindo-ministerio #7] O Treinamento para o Ministério Pastoral
· já tem leitura, pulando: [redescobrindo-ministerio #8] A Ordenação para o Ministério Pastoral
· já tem leitura, pulando: [redescobrindo-ministerio #9] A Família do Pastor
· já tem leitura, pulando: [redescobrindo-ministerio #10] A Vida de Oração do Pastor: O Aspecto Pessoal
· já tem leitura, pulando: [redescobrindo-ministerio #11] A Vida de Oração do Pastor: O Aspecto Ministerial
· já tem leitura, pulando: [redescobrindo-ministerio #12] O Estudo do Pastor
· já tem leitura, pulando: [redescobrindo-ministerio #13] A Compaixão do Pastor pelas Almas
· já tem leitura, pulando: [redescobrindo-ministerio #14] O Culto
· já tem leitura, pulando: [redescobrindo-ministerio #15] A Pregação
· já tem leitura, pulando: [redescobrindo-ministerio #16] O Exemplo
· já tem leitura, pulando: [redescobrindo-ministerio #17] A Liderança
· já tem leitura, pulando: [redescobrindo-ministerio #18] A Evangelização
· já tem leitura, pulando: [redescobrindo-ministerio #19] O Discipulado
· já tem leitura, pulando: [redescobrindo-ministerio #20] A Vigilância e o Alerta
· já tem leitura, pulando: [redescobrindo-ministerio #21] Observando as Ordenanças
· já tem leitura, pulando: [redescobrindo-ministerio #22] Respostas às Perguntas Mais Frequentes

=== Maturidade — 11 aulas ===
· já tem leitura, pulando: [maturidade #1] Introdução
· já tem leitura, pulando: [maturidade #2] A importância da maturidade
· já tem leitura, pulando: [maturidade #3] A herança
· já tem leitura, pulando: [maturidade #4] Fora do alcance das crianças
· já tem leitura, pulando: [maturidade #5] Prejuízos por causa da falta de maturidade
· já tem leitura, pulando: [maturidade #6] Crescimento espiritual
· já tem leitura, pulando: [maturidade #7] Fases de crescimento
· já tem leitura, pulando: [maturidade #8] Comportamento nas fases
· já tem leitura, pulando: [maturidade #9] Estatura de Cristo
· já tem leitura, pulando: [maturidade #10] Desconfortos necessários
· já tem leitura, pulando: [maturidade #11] Confiança plena

=== Quebrando as Cadeias da Intimidação — 16 aulas ===
· já tem leitura, pulando: [quebrando-intimidacao #1] Introdução
· já tem leitura, pulando: [quebrando-intimidacao #2] Ande na sua Autoridade
· já tem leitura, pulando: [quebrando-intimidacao #3] Posição Espiritual e Autoridade Espiritual
· já tem leitura, pulando: [quebrando-intimidacao #4] Dois Extremos
· já tem leitura, pulando: [quebrando-intimidacao #5] Dons Transmitidos
· já tem leitura, pulando: [quebrando-intimidacao #6] Dons Adormecidos
· já tem leitura, pulando: [quebrando-intimidacao #7] Paralisado pela Intimidação
· já tem leitura, pulando: [quebrando-intimidacao #8] O Espírito de Intimidação
· já tem leitura, pulando: [quebrando-intimidacao #9] Reavive o Dom
· já tem leitura, pulando: [quebrando-intimidacao #10] A Raiz de Intimidação
· já tem leitura, pulando: [quebrando-intimidacao #11] Desejar Não Basta
· já tem leitura, pulando: [quebrando-intimidacao #12] Temor de Deus x Temor do Homem
· já tem leitura, pulando: [quebrando-intimidacao #13] Ação ou Reação?
· já tem leitura, pulando: [quebrando-intimidacao #14] O Espírito de Moderação
· já tem leitura, pulando: [quebrando-intimidacao #15] Prossiga para o Alvo
· já tem leitura, pulando: [quebrando-intimidacao #16] Epílogo

=== A Fé na Era do Ceticismo — 15 aulas ===
· já tem leitura, pulando: [fe-ceticismo #1] Introdução
· já tem leitura, pulando: [fe-ceticismo #2] Não pode haver somente uma religião verdadeira
· já tem leitura, pulando: [fe-ceticismo #3] Como um Deus bondoso pode permitir o sofrimento
· já tem leitura, pulando: [fe-ceticismo #4] O cristianismo é uma camisa de força
· já tem leitura, pulando: [fe-ceticismo #5] A igreja é responsável por muitas injustiças
· já tem leitura, pulando: [fe-ceticismo #6] Como pode um Deus de amor mandar alguém para o inferno
· já tem leitura, pulando: [fe-ceticismo #7] A ciência desacreditou o cristianismo
· já tem leitura, pulando: [fe-ceticismo #8] A Bíblia não deve ser interpretada literalmente
· já tem leitura, pulando: [fe-ceticismo #9] As pistas de Deus
· já tem leitura, pulando: [fe-ceticismo #10] O conhecimento de Deus
· já tem leitura, pulando: [fe-ceticismo #11] O problema do pecado
· já tem leitura, pulando: [fe-ceticismo #12] A religião e o evangelho
· já tem leitura, pulando: [fe-ceticismo #13] A verdadeira história da cruz
· já tem leitura, pulando: [fe-ceticismo #14] A realidade da ressurreição
· já tem leitura, pulando: [fe-ceticismo #15] A dança de Deus

=== Como se tornar um cristão inútil — 10 aulas ===
· já tem leitura, pulando: [cristao-inutil #1] Agradecimentos
· já tem leitura, pulando: [cristao-inutil #2] Prefácio
· já tem leitura, pulando: [cristao-inutil #3] Introdução
· já tem leitura, pulando: [cristao-inutil #4] Como assim, "inútil"?
· já tem leitura, pulando: [cristao-inutil #5] Os novos sacerdotes de Deus
· já tem leitura, pulando: [cristao-inutil #6] Quem é você na fila do pão?
· já tem leitura, pulando: [cristao-inutil #7] Como descobrir qual é meu chamado?
· já tem leitura, pulando: [cristao-inutil #8] Enviados para a vida comum
· já tem leitura, pulando: [cristao-inutil #9] Como glorificar a Deus se eu odeio meu trabalho?
· já tem leitura, pulando: [cristao-inutil #10] Considerações finais

=== Milagres — 19 aulas ===
· já tem leitura, pulando: [milagres #1] Capítulo 1 - O escopo deste livro
· já tem leitura, pulando: [milagres #2] Capítulo 2 - O Naturalista e o Sobrenaturalista
· já tem leitura, pulando: [milagres #3] Capítulo 3 - A principal dificuldade do Naturalismo
· já tem leitura, pulando: [milagres #4] Capítulo 4 - Natureza e Sobrenatureza
· já tem leitura, pulando: [milagres #5] Capítulo 5 - Uma dificuldade adicional no Naturalismo
· já tem leitura, pulando: [milagres #6] Capítulo 6 - Respostas aos receios
· já tem leitura, pulando: [milagres #7] Capítulo 7 - Um capítulo sobre pistas falsas
· já tem leitura, pulando: [milagres #8] Capítulo 8 - Milagres e as leis da Natureza
· já tem leitura, pulando: [milagres #9] Capítulo 9 - Um capítulo quase desnecessário
· já tem leitura, pulando: [milagres #10] Capítulo 10 - "Coisas vermelhas nojentas"
· já tem leitura, pulando: [milagres #11] Capítulo 11 - Cristianismo e religião
· já tem leitura, pulando: [milagres #12] Capítulo 12 - A propriedade dos milagres
· já tem leitura, pulando: [milagres #13] Capítulo 13 - Sobre a probabilidade
· já tem leitura, pulando: [milagres #14] Capítulo 14 - O Grande Milagre
· já tem leitura, pulando: [milagres #15] Capítulo 15 - Milagres da velha criação
· já tem leitura, pulando: [milagres #16] Capítulo 16 - Milagres da nova criação
· já tem leitura, pulando: [milagres #17] Capítulo 17 - Epílogo
· já tem leitura, pulando: [milagres #18] Apêndice A - Sobre as palavras espírito e espiritual
· já tem leitura, pulando: [milagres #19] Apêndice B - Sobre providências especiais

=== O Deus que destrói sonhos — 10 aulas ===
· já tem leitura, pulando: [o-deus-que-destroi-sonhos #1] Agradecimentos
· já tem leitura, pulando: [o-deus-que-destroi-sonhos #2] Prefácio
· já tem leitura, pulando: [o-deus-que-destroi-sonhos #3] Introdução - Quem é o seu Deus?
· já tem leitura, pulando: [o-deus-que-destroi-sonhos #4] Capítulo 1 - A fábrica de sonhos
· já tem leitura, pulando: [o-deus-que-destroi-sonhos #5] Capítulo 2 - Crucificando os sonhos
· já tem leitura, pulando: [o-deus-que-destroi-sonhos #6] Capítulo 3 - Os sonhos de um discípulo
· já tem leitura, pulando: [o-deus-que-destroi-sonhos #7] Capítulo 4 - Abrindo mão dos seus sonhos para viver a vontade de Deus
· já tem leitura, pulando: [o-deus-que-destroi-sonhos #8] Capítulo 5 - Senhor, qual a sua vontade para minha vida?
· já tem leitura, pulando: [o-deus-que-destroi-sonhos #9] Capítulo 6 - A oração de um discípulo
· já tem leitura, pulando: [o-deus-que-destroi-sonhos #10] Considerações finais - O Deus selvagem

=== O Peso da Glória — 11 aulas ===
· já tem leitura, pulando: [peso-da-gloria #1] Introdução de Walter Hooper
· já tem leitura, pulando: [peso-da-gloria #2] Prefácio do autor à edição original
· já tem leitura, pulando: [peso-da-gloria #3] Capítulo 1 - O peso da glória
· já tem leitura, pulando: [peso-da-gloria #4] Capítulo 2 - Aprendizado em tempos de guerra
· já tem leitura, pulando: [peso-da-gloria #5] Capítulo 3 - Por que não sou um pacifista
· já tem leitura, pulando: [peso-da-gloria #6] Capítulo 4 - Transposição
· já tem leitura, pulando: [peso-da-gloria #7] Capítulo 5 - Teologia é poesia?
· já tem leitura, pulando: [peso-da-gloria #8] Capítulo 6 - O círculo íntimo
· já tem leitura, pulando: [peso-da-gloria #9] Capítulo 7 - Membresia
· já tem leitura, pulando: [peso-da-gloria #10] Capítulo 8 - Sobre o perdão
· já tem leitura, pulando: [peso-da-gloria #11] Capítulo 9 - Ato falho

=== O Grande Divórcio — 15 aulas ===
· já tem leitura, pulando: [grande-divorcio #1] Prefácio
· já tem leitura, pulando: [grande-divorcio #2] Um
· já tem leitura, pulando: [grande-divorcio #3] Dois
· já tem leitura, pulando: [grande-divorcio #4] Três
· já tem leitura, pulando: [grande-divorcio #5] Quatro
· já tem leitura, pulando: [grande-divorcio #6] Cinco
· já tem leitura, pulando: [grande-divorcio #7] Seis
· já tem leitura, pulando: [grande-divorcio #8] Sete
· já tem leitura, pulando: [grande-divorcio #9] Oito
· já tem leitura, pulando: [grande-divorcio #10] Nove
· já tem leitura, pulando: [grande-divorcio #11] Dez
· já tem leitura, pulando: [grande-divorcio #12] Onze
· já tem leitura, pulando: [grande-divorcio #13] Doze
· já tem leitura, pulando: [grande-divorcio #14] Treze
· já tem leitura, pulando: [grande-divorcio #15] Quatorze

=== Os Clãs da Lua — 76 aulas ===
· já tem leitura, pulando: [os-clas-da-lua #1] A Princesa Lunar
· já tem leitura, pulando: [os-clas-da-lua #2] Vestida de Branco
· já tem leitura, pulando: [os-clas-da-lua #3] O Imperador Esquecido
· já tem leitura, pulando: [os-clas-da-lua #4] Os clãs da lua
· já tem leitura, pulando: [os-clas-da-lua #5] Os clãs da Terra
· já tem leitura, pulando: [os-clas-da-lua #6] O primeiro sinal
· já tem leitura, pulando: [os-clas-da-lua #7] A canção adormecida
· já tem leitura, pulando: [os-clas-da-lua #8] O complexo de Tycho
· já tem leitura, pulando: [os-clas-da-lua #9] Nubium
· já tem leitura, pulando: [os-clas-da-lua #10] Donnie’s
· já tem leitura, pulando: [os-clas-da-lua #11] “humana, humana, humana”
· já tem leitura, pulando: [os-clas-da-lua #12] A verdade, afinal
· já tem leitura, pulando: [os-clas-da-lua #13] O Corredor Oculto
· já tem leitura, pulando: [os-clas-da-lua #14] A fuga
· já tem leitura, pulando: [os-clas-da-lua #15] O clã da Ásia
· já tem leitura, pulando: [os-clas-da-lua #16] Kimchi
· já tem leitura, pulando: [os-clas-da-lua #17] Todas as Nossas Transgressões
· já tem leitura, pulando: [os-clas-da-lua #18] A Praga da Gravidade
· já tem leitura, pulando: [os-clas-da-lua #19] A princesa cruel
· já tem leitura, pulando: [os-clas-da-lua #20] O Conselho da Terra
· já tem leitura, pulando: [os-clas-da-lua #21] O instinto humano de sobrevivência
· já tem leitura, pulando: [os-clas-da-lua #22] A Frota Estelar
· já tem leitura, pulando: [os-clas-da-lua #23] As minas de Lutons
· já tem leitura, pulando: [os-clas-da-lua #24] Consolo virá das estrelas
· já tem leitura, pulando: [os-clas-da-lua #25] A noite incomum
· já tem leitura, pulando: [os-clas-da-lua #26] A última escolhida da Gravidade
· já tem leitura, pulando: [os-clas-da-lua #27] Conhecer sem compreender
· já tem leitura, pulando: [os-clas-da-lua #28] Os primeiros passos de um relacionamento
· já tem leitura, pulando: [os-clas-da-lua #29] A força oculta
· já tem leitura, pulando: [os-clas-da-lua #30] Sangue na lua
· já tem leitura, pulando: [os-clas-da-lua #31] A Imperatriz Lunar
· já tem leitura, pulando: [os-clas-da-lua #32] O ataque de Cal-uya
· já tem leitura, pulando: [os-clas-da-lua #33] “Veja a Terra por Mim”
· já tem leitura, pulando: [os-clas-da-lua #34] Superfície e subterrâneo
· já tem leitura, pulando: [os-clas-da-lua #35] O Museu da Humanidade
· já tem leitura, pulando: [os-clas-da-lua #36] A cápsula holográfica
· já tem leitura, pulando: [os-clas-da-lua #37] A Princesa e o Capitão
· já tem leitura, pulando: [os-clas-da-lua #38] As memórias da Oráculo
· já tem leitura, pulando: [os-clas-da-lua #39] O teste
· já tem leitura, pulando: [os-clas-da-lua #40] O parceiro ideal
· já tem leitura, pulando: [os-clas-da-lua #41] Os oráculos da Gravidade
· já tem leitura, pulando: [os-clas-da-lua #42] O oráculo
· já tem leitura, pulando: [os-clas-da-lua #43] A ciborgue
· já tem leitura, pulando: [os-clas-da-lua #44] A Transmissão
· já tem leitura, pulando: [os-clas-da-lua #45] As plantas de Bosei
· já tem leitura, pulando: [os-clas-da-lua #46] O hacker
· já tem leitura, pulando: [os-clas-da-lua #47] Invasão à Grimaldi
· já tem leitura, pulando: [os-clas-da-lua #48] A nave-mãe
· já tem leitura, pulando: [os-clas-da-lua #49] Vida longa à princesa
· já tem leitura, pulando: [os-clas-da-lua #50] O plano dos primeiros humanos
· já tem leitura, pulando: [os-clas-da-lua #51] O lado escuro da lua
· já tem leitura, pulando: [os-clas-da-lua #52] Acredite na promessa
· já tem leitura, pulando: [os-clas-da-lua #53] Dois planetas orbitando o mesmo Sol
· já tem leitura, pulando: [os-clas-da-lua #54] A proposta arriscada
· já tem leitura, pulando: [os-clas-da-lua #55] A Imperatriz
· já tem leitura, pulando: [os-clas-da-lua #56] Aprendendo a ouvir
· já tem leitura, pulando: [os-clas-da-lua #57] O acordo de Paz
· já tem leitura, pulando: [os-clas-da-lua #58] A Marca da Gravidade
· já tem leitura, pulando: [os-clas-da-lua #59] Cumpra a Missão, viva a promessa.
· já tem leitura, pulando: [os-clas-da-lua #60] Um passo arriscado
· já tem leitura, pulando: [os-clas-da-lua #61] A Missão de M4
· já tem leitura, pulando: [os-clas-da-lua #62] Que a Gravidade os guie
· já tem leitura, pulando: [os-clas-da-lua #63] A ponte de imersão
· já tem leitura, pulando: [os-clas-da-lua #64] O mal que se espalhava
· já tem leitura, pulando: [os-clas-da-lua #65] A Vingança da Imperatriz
· já tem leitura, pulando: [os-clas-da-lua #66] A praga da humanidade
· já tem leitura, pulando: [os-clas-da-lua #67] O fim do medo
· já tem leitura, pulando: [os-clas-da-lua #68] Vida longa ao Imperador
· já tem leitura, pulando: [os-clas-da-lua #69] O Cristal de Bhaskar
· já tem leitura, pulando: [os-clas-da-lua #70] O pronunciamento
· já tem leitura, pulando: [os-clas-da-lua #71] A Um Passo da Terra
· já tem leitura, pulando: [os-clas-da-lua #72] A Inserção
· já tem leitura, pulando: [os-clas-da-lua #73] cumprindo a missão
· já tem leitura, pulando: [os-clas-da-lua #74] Vivendo a promessa
· já tem leitura, pulando: [os-clas-da-lua #75] Agradecimentos
· já tem leitura, pulando: [os-clas-da-lua #76] SOBRE A AUTORA

=== A Liderança Pastoral — 8 aulas ===
· já tem leitura, pulando: [a-lideranca-pastoral #1] Prefácio
· já tem leitura, pulando: [a-lideranca-pastoral #2] Introdução
· já tem leitura, pulando: [a-lideranca-pastoral #3] Parte 1: Fundamentos bíblicos e históricos
· já tem leitura, pulando: [a-lideranca-pastoral #4] Parte 2: O que o pastor deve fazer? Uma base abrangente para o ministério
· já tem leitura, pulando: [a-lideranca-pastoral #5] Parte 3: Juntando tudo
· já tem leitura, pulando: [a-lideranca-pastoral #6] Conclusão
· já tem leitura, pulando: [a-lideranca-pastoral #7] Apêndice A: Recursos adicionais
· já tem leitura, pulando: [a-lideranca-pastoral #8] Apêndice B: “Argumentos contra o mandato para os oficiais”

=== Maturidade Espiritual do Líder — 21 aulas ===
· já tem leitura, pulando: [maturidade-espiritual-do-lider #1] Página de Créditos
· pulando (sem conteúdo): [maturidade-espiritual-do-lider #2] Dedicatória
· já tem leitura, pulando: [maturidade-espiritual-do-lider #3] Agradecimentos
· já tem leitura, pulando: [maturidade-espiritual-do-lider #4] Apresentação
· já tem leitura, pulando: [maturidade-espiritual-do-lider #5] Prefácio
· já tem leitura, pulando: [maturidade-espiritual-do-lider #6] Introdução
· já tem leitura, pulando: [maturidade-espiritual-do-lider #7] A Necessidade de Líderes Maduros
· já tem leitura, pulando: [maturidade-espiritual-do-lider #8] Convivendo com a Chamada
· já tem leitura, pulando: [maturidade-espiritual-do-lider #9] Convivendo com Hostilidades e Rejeições
· já tem leitura, pulando: [maturidade-espiritual-do-lider #10] Aprendendo o Contentamento
· já tem leitura, pulando: [maturidade-espiritual-do-lider #11] Suportando as Provas de Deus
· já tem leitura, pulando: [maturidade-espiritual-do-lider #12] Valorizando o Companheirismo
· já tem leitura, pulando: [maturidade-espiritual-do-lider #13] Discernindo o Princípio de Autoridade
· já tem leitura, pulando: [maturidade-espiritual-do-lider #14] Vencendo o Radicalismo
· já tem leitura, pulando: [maturidade-espiritual-do-lider #15] Liderando com Equilíbrio
· já tem leitura, pulando: [maturidade-espiritual-do-lider #16] Adquirindo uma Vida Disciplinada
· já tem leitura, pulando: [maturidade-espiritual-do-lider #17] Amar sem Ser Amado
· já tem leitura, pulando: [maturidade-espiritual-do-lider #18] Não se Iludindo com o Intelectualismo
· já tem leitura, pulando: [maturidade-espiritual-do-lider #19] Entendendo o Tratamento de Deus
· já tem leitura, pulando: [maturidade-espiritual-do-lider #20] Aprendendo Sempre
· já tem leitura, pulando: [maturidade-espiritual-do-lider #21] Referências

=== Até Que Sejamos Um — 13 aulas ===
· já tem leitura, pulando: [ate-que-sejamos-um #1] Capa
· já tem leitura, pulando: [ate-que-sejamos-um #2] Agradecimentos
· já tem leitura, pulando: [ate-que-sejamos-um #3] Introdução
· já tem leitura, pulando: [ate-que-sejamos-um #4] 1. É o que a Trindade deseja
· já tem leitura, pulando: [ate-que-sejamos-um #5] 2. É o que você deseja
· já tem leitura, pulando: [ate-que-sejamos-um #6] 3. É do que o mundo precisa
· já tem leitura, pulando: [ate-que-sejamos-um #7] 4. Começa com o arrependimento
· já tem leitura, pulando: [ate-que-sejamos-um #8] 5. Vem com a maturidade
· já tem leitura, pulando: [ate-que-sejamos-um #9] 6. Sobrevive com o amor
· já tem leitura, pulando: [ate-que-sejamos-um #10] 7. Requer luta
· já tem leitura, pulando: [ate-que-sejamos-um #11] 8. Precisa começar aos poucos
· já tem leitura, pulando: [ate-que-sejamos-um #12] Conclusão: A volta a uma fé como a das crianças
· já tem leitura, pulando: [ate-que-sejamos-um #13] Sugestão de leitura

=== Qual a Missão da Igreja — 6 aulas ===
· já tem leitura, pulando: [qual-a-missao-da-igreja #1] Agradecimentos
· já tem leitura, pulando: [qual-a-missao-da-igreja #2] Parte 1: Entendendo Nossa Missão
→ [qual-a-missao-da-igreja #3] Parte 2: Entendendo Nossas Categorias — 196 pedaço(s), voz pt-BR-AntonioNeural (edge)
   · sintetizando 1/196…   · sintetizando 2/196…   · sintetizando 3/196…   · sintetizando 4/196…   · sintetizando 5/196…   · sintetizando 6/196…   · sintetizando 7/196…   · sintetizando 8/196…   · sintetizando 9/196…   · sintetizando 10/196…   · sintetizando 11/196…   · sintetizando 12/196…   · sintetizando 13/196…   · sintetizando 14/196…   · sintetizando 15/196…   · sintetizando 16/196…   · sintetizando 17/196…   · sintetizando 18/196…   · sintetizando 19/196…   · sintetizando 20/196…   · sintetizando 21/196…   · sintetizando 22/196…   · sintetizando 23/196…   · sintetizando 24/196…   · sintetizando 25/196…   · sintetizando 26/196…   · sintetizando 27/196…   · sintetizando 28/196…   · sintetizando 29/196…   · sintetizando 30/196…   · sintetizando 31/196…   · sintetizando 32/196…   · sintetizando 33/196…   · sintetizando 34/196…   · sintetizando 35/196…   · sintetizando 36/196…   · sintetizando 37/196…   · sintetizando 38/196…   · sintetizando 39/196…   · sintetizando 40/196…   · sintetizando 41/196…   · sintetizando 42/196…   · sintetizando 43/196…   · sintetizando 44/196…   · sintetizando 45/196…   · sintetizando 46/196…   · sintetizando 47/196…   · sintetizando 48/196…   · sintetizando 49/196…   · sintetizando 50/196…   · sintetizando 51/196…   · sintetizando 52/196…   · sintetizando 53/196…   · sintetizando 54/196…   · sintetizando 55/196…   · sintetizando 56/196…   · sintetizando 57/196…   · sintetizando 58/196…   · sintetizando 59/196…   · sintetizando 60/196…   · sintetizando 61/196…   · sintetizando 62/196…   · sintetizando 63/196…   · sintetizando 64/196…   · sintetizando 65/196…   · sintetizando 66/196…   · sintetizando 67/196…   · sintetizando 68/196…   · sintetizando 69/196…   · sintetizando 70/196…   · sintetizando 71/196…   · sintetizando 72/196…   · sintetizando 73/196…   · sintetizando 74/196…   · sintetizando 75/196…   · sintetizando 76/196…   · sintetizando 77/196…   · sintetizando 78/196…   · sintetizando 79/196…   · sintetizando 80/196…   · sintetizando 81/196…   · sintetizando 82/196…   · sintetizando 83/196…   · sintetizando 84/196…   · sintetizando 85/196…   · sintetizando 86/196…   · sintetizando 87/196…   · sintetizando 88/196…   · sintetizando 89/196…   · sintetizando 90/196…   · sintetizando 91/196…   · sintetizando 92/196…   · sintetizando 93/196…   · sintetizando 94/196…   · sintetizando 95/196…   · sintetizando 96/196…   · sintetizando 97/196…   · sintetizando 98/196…   · sintetizando 99/196…   · sintetizando 100/196…   · sintetizando 101/196…   · sintetizando 102/196…   · sintetizando 103/196…   · sintetizando 104/196…   · sintetizando 105/196…   · sintetizando 106/196…   · sintetizando 107/196…   · sintetizando 108/196…   · sintetizando 109/196…   · sintetizando 110/196…   · sintetizando 111/196…   · sintetizando 112/196…   · sintetizando 113/196…   · sintetizando 114/196…   · sintetizando 115/196…   · sintetizando 116/196…   · sintetizando 117/196…   · sintetizando 118/196…   · sintetizando 119/196…   · sintetizando 120/196…   · sintetizando 121/196…   · sintetizando 122/196…   · sintetizando 123/196…   · sintetizando 124/196…   · sintetizando 125/196…   · sintetizando 126/196…   · sintetizando 127/196…   · sintetizando 128/196…   · sintetizando 129/196…   · sintetizando 130/196…   · sintetizando 131/196…   · sintetizando 132/196…   · sintetizando 133/196…   · sintetizando 134/196…   · sintetizando 135/196…   · sintetizando 136/196…   · sintetizando 137/196…   · sintetizando 138/196…   · sintetizando 139/196…   · sintetizando 140/196…   · sintetizando 141/196…   · sintetizando 142/196…   · sintetizando 143/196…   · sintetizando 144/196…   · sintetizando 145/196…   · sintetizando 146/196…   · sintetizando 147/196…   · sintetizando 148/196…   · sintetizando 149/196…   · sintetizando 150/196…   · sintetizando 151/196…   · sintetizando 152/196…   · sintetizando 153/196…   · sintetizando 154/196…   · sintetizando 155/196…   · sintetizando 156/196…   · sintetizando 157/196…   · sintetizando 158/196…   · sintetizando 159/196…   · sintetizando 160/196…   · sintetizando 161/196…   · sintetizando 162/196…   · sintetizando 163/196…   · sintetizando 164/196…   · sintetizando 165/196…   · sintetizando 166/196…   · sintetizando 167/196…   · sintetizando 168/196…   · sintetizando 169/196…   · sintetizando 170/196…   · sintetizando 171/196…   · sintetizando 172/196…   · sintetizando 173/196…   · sintetizando 174/196…   · sintetizando 175/196…   · sintetizando 176/196…   · sintetizando 177/196…   · sintetizando 178/196…   · sintetizando 179/196…   · sintetizando 180/196…   · sintetizando 181/196…   · sintetizando 182/196…   · sintetizando 183/196…   · sintetizando 184/196…   · sintetizando 185/196…   · sintetizando 186/196…   · sintetizando 187/196…   · sintetizando 188/196…   · sintetizando 189/196…   · sintetizando 190/196…   · sintetizando 191/196…   · sintetizando 192/196…   · sintetizando 193/196…   · sintetizando 194/196…   · sintetizando 195/196…   · sintetizando 196/196…
   · MP3 163MB > 47MB — re-encodando em 32k

   · MP3 81MB > 47MB — re-encodando em 24k

  mp3: 61.0 MB → /Users/brunofernandes/Projects/ekballo-academy/scripts/leituras-geradas/qual-a-missao-da-igreja-03.mp3
  ✗ ERRO: upload: The object exceeded the maximum allowed size
· já tem leitura, pulando: [qual-a-missao-da-igreja #4] Parte 3: Entendendo o que fazemos e por que o fazemos
· já tem leitura, pulando: [qual-a-missao-da-igreja #5] Epílogo
· já tem leitura, pulando: [qual-a-missao-da-igreja #6] Editora Fiel

=== Esperança em Tempos de Medo — 16 aulas ===
· já tem leitura, pulando: [esperanca-em-tempos-de-medo #1] Agradecimentos
· já tem leitura, pulando: [esperanca-em-tempos-de-medo #2] Prefácio
· já tem leitura, pulando: [esperanca-em-tempos-de-medo #3] Introdução
· já tem leitura, pulando: [esperanca-em-tempos-de-medo #4] 1. Uma certa esperança
· já tem leitura, pulando: [esperanca-em-tempos-de-medo #5] 2. Uma esperança futura
· já tem leitura, pulando: [esperanca-em-tempos-de-medo #6] 3. Uma esperança gloriosa
· já tem leitura, pulando: [esperanca-em-tempos-de-medo #7] 4. Uma esperança subversiva
· já tem leitura, pulando: [esperanca-em-tempos-de-medo #8] 5. A Grande inversão
· já tem leitura, pulando: [esperanca-em-tempos-de-medo #9] 6. Esperança pessoal: 1
· já tem leitura, pulando: [esperanca-em-tempos-de-medo #10] 7. Esperança pessoal: 2
· já tem leitura, pulando: [esperanca-em-tempos-de-medo #11] 8. Esperança para você
· já tem leitura, pulando: [esperanca-em-tempos-de-medo #12] 9. Esperança para os relacionamentos
· já tem leitura, pulando: [esperanca-em-tempos-de-medo #13] 10. Esperança de justiça
· já tem leitura, pulando: [esperanca-em-tempos-de-medo #14] 11. Esperança diante do sofrimento
· já tem leitura, pulando: [esperanca-em-tempos-de-medo #15] 12. Esperança para o futuro
· já tem leitura, pulando: [esperanca-em-tempos-de-medo #16] Epílogo: A pedra angular e as trevas

=== Cosmovisões em Conflito — 13 aulas ===
· já tem leitura, pulando: [cosmovisoes-em-conflito #1] Prefácio à Edição Brasileira
· já tem leitura, pulando: [cosmovisoes-em-conflito #2] Prefácio
· já tem leitura, pulando: [cosmovisoes-em-conflito #3] Capítulo 1. QUE É UMA COSMOVISÃO?
· já tem leitura, pulando: [cosmovisoes-em-conflito #4] Capítulo 2. A COSMOVISÃO CRISTÃ
· já tem leitura, pulando: [cosmovisoes-em-conflito #5] Capítulo 3. COMO ESCOLHER UMA COSMOVISÃO
· já tem leitura, pulando: [cosmovisoes-em-conflito #6] Capítulo 4. UM OLHAR ADICIONAL NO TESTE DA RAZÃO
· já tem leitura, pulando: [cosmovisoes-em-conflito #7] Capítulo 5. CRISTIANISMO E O TESTE DA RAZÃO
· já tem leitura, pulando: [cosmovisoes-em-conflito #8] Capítulo 6. UM OLHAR ADICIONAL NO PROBLEMA DO MAL
· já tem leitura, pulando: [cosmovisoes-em-conflito #9] Capítulo 7. NATURALISMO
· já tem leitura, pulando: [cosmovisoes-em-conflito #10] Capítulo 8. O MOVIMENTO DA NOVA ERA
· já tem leitura, pulando: [cosmovisoes-em-conflito #11] Capítulo 9. A ENCARNAÇÃO E A RESSURREIÇÃO
· já tem leitura, pulando: [cosmovisoes-em-conflito #12] Capítulo 10. VENCENDO A BATALHA NO MUNDO DAS IDEIAS
· já tem leitura, pulando: [cosmovisoes-em-conflito #13] Sugestões para Leitura Adicional

=== Chega de Regras — 9 aulas ===
· já tem leitura, pulando: [chega-de-regras #1] Uma Parábola:
Pergunta noturna
· já tem leitura, pulando: [chega-de-regras #2] INTRODUÇÃO:
Os dois caminhos
· já tem leitura, pulando: [chega-de-regras #3] Primeira parte:
Um novo estilo de vida
· já tem leitura, pulando: [chega-de-regras #4] Segunda Parte:
A geração desanimada
· já tem leitura, pulando: [chega-de-regras #5] Terceira parte:
Você sente o vento?
· já tem leitura, pulando: [chega-de-regras #6] Quarta parte:
Deixe a revolução começar
· já tem leitura, pulando: [chega-de-regras #7] Epílogo:
Com Deus no banheiro
· já tem leitura, pulando: [chega-de-regras #8] Agradecimentos
· já tem leitura, pulando: [chega-de-regras #9] Notas

=== Não Apagueis o Espírito — 22 aulas ===
· já tem leitura, pulando: [nao-apagueis-o-espirito #1] AGRADECIMENTOS
· já tem leitura, pulando: [nao-apagueis-o-espirito #2] PREFÁCIO
· já tem leitura, pulando: [nao-apagueis-o-espirito #3] INTRODUÇÃO NÃO APAGUEIS O ESPÍRITO
· já tem leitura, pulando: [nao-apagueis-o-espirito #4] CAPÍTULO 1 DEFININDO PROFECIA
· já tem leitura, pulando: [nao-apagueis-o-espirito #5] CAPÍTULO 2 SEGUI O AMOR
· já tem leitura, pulando: [nao-apagueis-o-espirito #6] CAPÍTULO 3 VISÃO PROFÉTICA
· já tem leitura, pulando: [nao-apagueis-o-espirito #7] CAPÍTULO 4 MENSAGEM PROFÉTICA
· já tem leitura, pulando: [nao-apagueis-o-espirito #8] CAPÍTULO 5 A OPERAÇÃO DOS DONS
· já tem leitura, pulando: [nao-apagueis-o-espirito #9] CAPÍTULO 6 O PROCESSO DA PROFECIA
· já tem leitura, pulando: [nao-apagueis-o-espirito #10] CAPÍTULO 7 UMA PALAVRA À GERAÇÃO
· já tem leitura, pulando: [nao-apagueis-o-espirito #11] APÊNDICE: SERVIÇO CORPORATIVO DA PROFECIA
· já tem leitura, pulando: [nao-apagueis-o-espirito #12] [1]
· já tem leitura, pulando: [nao-apagueis-o-espirito #13] [2]
· já tem leitura, pulando: [nao-apagueis-o-espirito #14] [3]
· já tem leitura, pulando: [nao-apagueis-o-espirito #15] [4]
· já tem leitura, pulando: [nao-apagueis-o-espirito #16] [5]
· já tem leitura, pulando: [nao-apagueis-o-espirito #17] [6]
· já tem leitura, pulando: [nao-apagueis-o-espirito #18] [7]
· já tem leitura, pulando: [nao-apagueis-o-espirito #19] [8]
· já tem leitura, pulando: [nao-apagueis-o-espirito #20] [9]
· já tem leitura, pulando: [nao-apagueis-o-espirito #21] [10]
· já tem leitura, pulando: [nao-apagueis-o-espirito #22] [11]

=== Para que Todos Sejam Um — 16 aulas ===
· já tem leitura, pulando: [para-que-todos-sejam-um #1] PREFÁCIO
· já tem leitura, pulando: [para-que-todos-sejam-um #2] INTRODUÇÃO
· já tem leitura, pulando: [para-que-todos-sejam-um #3] UMA SÓ LINGUAGEM!
· já tem leitura, pulando: [para-que-todos-sejam-um #4] VOCÊ SABE O QUE É COMUNHÃO?
· já tem leitura, pulando: [para-que-todos-sejam-um #5] FUNDAMENTOS DA UNIDADE CRISTÃ
· já tem leitura, pulando: [para-que-todos-sejam-um #6] UNIDOS PELA CRUZ
· já tem leitura, pulando: [para-que-todos-sejam-um #7] É FÁCIL DIVIDIR!
· já tem leitura, pulando: [para-que-todos-sejam-um #8] OS SETE LAÇOS DA UNIDADE
· já tem leitura, pulando: [para-que-todos-sejam-um #9] PRÁTICAS
· já tem leitura, pulando: [para-que-todos-sejam-um #10] REVOLUCIONÁRIAS
· já tem leitura, pulando: [para-que-todos-sejam-um #11] O QUE TEMOS EM COMUM
· já tem leitura, pulando: [para-que-todos-sejam-um #12] COMUNHÃO SEM MÁSCARAS
· já tem leitura, pulando: [para-que-todos-sejam-um #13] COMUNHÃO E PARTILHA
· já tem leitura, pulando: [para-que-todos-sejam-um #14] DIVERSIDADE NA UNIDADE
· já tem leitura, pulando: [para-que-todos-sejam-um #15] IGREJA, UMA FAMÍLIA QUE AMA
· já tem leitura, pulando: [para-que-todos-sejam-um #16] A QUESTÃO ECUMÊNICA

=== O Espírito Santo — 10 Sermões sobre o Consolador — 11 aulas ===
· já tem leitura, pulando: [o-espirito-santo-consolador #1] Prefácio
· já tem leitura, pulando: [o-espirito-santo-consolador #2] 1. Não implore a Deus pelo Espírito Santo: glorifique a Jesus Cristo
· já tem leitura, pulando: [o-espirito-santo-consolador #3] 2. Como Cristo é revelado pelo Espírito Santo: não por meio do intelecto
· já tem leitura, pulando: [o-espirito-santo-consolador #4] 3. A presença e o ministério do Espírito Santo: tudo o que Jesus seria
· já tem leitura, pulando: [o-espirito-santo-consolador #5] 4. O Consolador prometido, o Espírito Santo: a permanência do Pentecostes
· já tem leitura, pulando: [o-espirito-santo-consolador #6] 5. O preenchimento prometido do Espírito Santo: instantaneamente, não gradualmente
· já tem leitura, pulando: [o-espirito-santo-consolador #7] 6. A vida da igreja no Espírito Santo: frutífera, feliz e abençoada
· já tem leitura, pulando: [o-espirito-santo-consolador #8] 7. A finalidade do dom bíblico do Espírito Santo: a capacidade para fazer
· já tem leitura, pulando: [o-espirito-santo-consolador #9] 8. A santa comunhão do Espírito Santo: deve ser cultivada
· já tem leitura, pulando: [o-espirito-santo-consolador #10] 9. A conversão no Novo Testamento e o Espírito Santo: a diferença nos discípulos
· já tem leitura, pulando: [o-espirito-santo-consolador #11] 10. A pomba de Gênesis retrata o Espírito Santo: rejeitada pela corrupção

=== Surpreendido por Deus — 11 aulas ===
· já tem leitura, pulando: [surpreendido-por-deus #1] Prefácio
→ [surpreendido-por-deus #2] Deus é — 19 pedaço(s), voz pt-BR-AntonioNeural (edge)
   · sintetizando 1/19…   · sintetizando 2/19…   · sintetizando 3/19…   · sintetizando 4/19…   · sintetizando 5/19…   · sintetizando 6/19…   · sintetizando 7/19…   · sintetizando 8/19…   · sintetizando 9/19…   · sintetizando 10/19…   · sintetizando 11/19…   · sintetizando 12/19…   · sintetizando 13/19…   · sintetizando 14/19…   · sintetizando 15/19…   · sintetizando 16/19…   · sintetizando 17/19…   · sintetizando 18/19…   · sintetizando 19/19…
  mp3: 17.0 MB → /Users/brunofernandes/Projects/ekballo-academy/scripts/leituras-geradas/surpreendido-por-deus-02.mp3
  ✓ publicado e gravado audio_leitura_url = audios-leitura/6186303f-368d-4df1-9aa5-9c9ea505aa77.mp3
· já tem leitura, pulando: [surpreendido-por-deus #3] A Glória de Deus
· já tem leitura, pulando: [surpreendido-por-deus #4] Hedonismo Cristão
· já tem leitura, pulando: [surpreendido-por-deus #5] A soberania de Deus
· já tem leitura, pulando: [surpreendido-por-deus #6] O evangelho de Deus em Cristo
· já tem leitura, pulando: [surpreendido-por-deus #7] O Chamado Às Missões Globais
· já tem leitura, pulando: [surpreendido-por-deus #8] Vivendo a vida cristã
· já tem leitura, pulando: [surpreendido-por-deus #9] A perseverança dos santos
· já tem leitura, pulando: [surpreendido-por-deus #10] Masculinidade e feminilidade bíblicas
· já tem leitura, pulando: [surpreendido-por-deus #11] Entristecidos, mas sempre alegres

=== A Obra Consumada de Cristo — 15 aulas ===
· já tem leitura, pulando: [a-obra-consumada-de-cristo #1] Apresentação
· já tem leitura, pulando: [a-obra-consumada-de-cristo #2] 1. Introdução e objeto de estudo
· já tem leitura, pulando: [a-obra-consumada-de-cristo #3] 2. A pessoa sem a Bíblia: culpada (1.18—2.16)
· já tem leitura, pulando: [a-obra-consumada-de-cristo #4] 3. A pessoa com a Bíblia: culpada (2.17—3.8)
· já tem leitura, pulando: [a-obra-consumada-de-cristo #5] 4. O mundo todo: culpado (3.9-20)
· já tem leitura, pulando: [a-obra-consumada-de-cristo #6] 5. Justificação depois da cruz (3.21-30)
· já tem leitura, pulando: [a-obra-consumada-de-cristo #7] 6. Justificação antes da cruz (3.31—4.25)
· já tem leitura, pulando: [a-obra-consumada-de-cristo #8] 7. O resultado da justificação: paz com Deus (5.1-11)
· já tem leitura, pulando: [a-obra-consumada-de-cristo #9] 8. Mortos em Adão, vivos em Cristo (5.12-21)
· já tem leitura, pulando: [a-obra-consumada-de-cristo #10] 9. A luta do cristão contra o pecado: I (6.1-23)
· já tem leitura, pulando: [a-obra-consumada-de-cristo #11] 10. A luta do cristão contra o pecado: II (7.1-25)
· já tem leitura, pulando: [a-obra-consumada-de-cristo #12] 11. Vida no Espírito (8.1-17)
· já tem leitura, pulando: [a-obra-consumada-de-cristo #13] 12. Crentes ressurretos, criação restaurada (8.18-25)
· já tem leitura, pulando: [a-obra-consumada-de-cristo #14] 13. A vida eterna é para sempre (8.26-39)
· já tem leitura, pulando: [a-obra-consumada-de-cristo #15] Sobre o autor

=== Até que Nada Mais Importe — 14 aulas ===
· já tem leitura, pulando: [ate-que-nada-mais-importe #1] Dedicatória
· já tem leitura, pulando: [ate-que-nada-mais-importe #2] Introdução
· já tem leitura, pulando: [ate-que-nada-mais-importe #3] Até que nada mais importe
· já tem leitura, pulando: [ate-que-nada-mais-importe #4] Embriagados com o quê?
· já tem leitura, pulando: [ate-que-nada-mais-importe #5] Um Deus exigente?
· já tem leitura, pulando: [ate-que-nada-mais-importe #6] A reciprocidade de Deus
· já tem leitura, pulando: [ate-que-nada-mais-importe #7] Amado e agradável
· já tem leitura, pulando: [ate-que-nada-mais-importe #8] Fascinados por Deus
· já tem leitura, pulando: [ate-que-nada-mais-importe #9] Descobrindo os tesouros de Cristo
· já tem leitura, pulando: [ate-que-nada-mais-importe #10] Manancial ou cisterna?
· já tem leitura, pulando: [ate-que-nada-mais-importe #11] Voltando à fonte
· já tem leitura, pulando: [ate-que-nada-mais-importe #12] Vivendo de aparência
· já tem leitura, pulando: [ate-que-nada-mais-importe #13] Vidas preciosas demais
· já tem leitura, pulando: [ate-que-nada-mais-importe #14] Reacendendo a paixão

=== Como Orar — 18 aulas ===
· já tem leitura, pulando: [como-orar-lewis #1] Prefácio
· já tem leitura, pulando: [como-orar-lewis #2] Podemos provar que a oração funciona?
· já tem leitura, pulando: [como-orar-lewis #3] Por que fazer pedidos a Deus se ele já sabe do que precisamos?
· já tem leitura, pulando: [como-orar-lewis #4] Nossa oração depende de quão sincera e profundamente oramos?
· já tem leitura, pulando: [como-orar-lewis #5] Não agimos com presunção ao levar preocupações a Deus em oração?
· já tem leitura, pulando: [como-orar-lewis #6] Como a oração corrobora com a ideia da providência divina? Pedimos por milagres ao orar?
· já tem leitura, pulando: [como-orar-lewis #7] A oração exige uma introspecção mórbida do nosso pecado?
· já tem leitura, pulando: [como-orar-lewis #8] Quais são as dicas para que eu evite Deus e a oração?
· já tem leitura, pulando: [como-orar-lewis #9] Como fazemos da oração uma pratica regular?
· já tem leitura, pulando: [como-orar-lewis #10] Como podemos deixar de ser um obstáculo para si mesmo e orar?
· já tem leitura, pulando: [como-orar-lewis #11] Como saber se o meu "eu" autêntico se dirige ao verdadeiro "Tu" em oração?
· já tem leitura, pulando: [como-orar-lewis #12] Como podemos ser como Davi e orar com prazer?
· já tem leitura, pulando: [como-orar-lewis #13] Como podemos entender o ensino do novo testamento sobre oração?
· já tem leitura, pulando: [como-orar-lewis #14] Como orar enquanto estamos de luto?
· já tem leitura, pulando: [como-orar-lewis #15] Podemos orar para evitar o sofrimento, mesmo quando ele é bom para a nossa alma?
· já tem leitura, pulando: [como-orar-lewis #16] Como permanecemos confiantes quando Deus repetidamente diz "não" ao nosso pedido por auxílio?
· já tem leitura, pulando: [como-orar-lewis #17] Referências bibliográficas
· já tem leitura, pulando: [como-orar-lewis #18] sobre o autor

=== Reflexões Cristãs — 16 aulas ===
· já tem leitura, pulando: [reflexoes-cristas-lewis #1] Prefácio de Walter Hooper
· já tem leitura, pulando: [reflexoes-cristas-lewis #2] Capítulo 1 | Cristianismo e literatura
· já tem leitura, pulando: [reflexoes-cristas-lewis #3] Capítulo 2 | Cristianismo e cultura
· já tem leitura, pulando: [reflexoes-cristas-lewis #4] Capítulo 3 | Religião: realidade ou substituto?
· já tem leitura, pulando: [reflexoes-cristas-lewis #5] Capítulo 4 | Sobre ética
· já tem leitura, pulando: [reflexoes-cristas-lewis #6] Capítulo 5 | De futilitate
· já tem leitura, pulando: [reflexoes-cristas-lewis #7] Capítulo 6 | O veneno do subjetivismo
· já tem leitura, pulando: [reflexoes-cristas-lewis #8] Capítulo 7 | O funeral de um grande mito
· já tem leitura, pulando: [reflexoes-cristas-lewis #9] Capítulo 8 | Sobre música sacra
· já tem leitura, pulando: [reflexoes-cristas-lewis #10] Capítulo 9 | Historicismo
· já tem leitura, pulando: [reflexoes-cristas-lewis #11] Capítulo 10 | Os Salmos
· já tem leitura, pulando: [reflexoes-cristas-lewis #12] Capítulo 11 | A linguagem da religião
· já tem leitura, pulando: [reflexoes-cristas-lewis #13] Capítulo 12 | Oração peticionária: um problema sem resposta
· já tem leitura, pulando: [reflexoes-cristas-lewis #14] Capítulo 13 | Teologia moderna e crítica bíblica
· já tem leitura, pulando: [reflexoes-cristas-lewis #15] Capítulo 14 | O olho que vê
· já tem leitura, pulando: [reflexoes-cristas-lewis #16] Outros livros de C. S. Lewis

=== Paixão pelas Almas — 12 aulas ===
· já tem leitura, pulando: [paixao-pelas-almas #1] Capítulo 1 O DERRAMAMENTO DO ESPÍRITO
· já tem leitura, pulando: [paixao-pelas-almas #2] Capítulo 2 A RESPONSABILIDADE PELO
· já tem leitura, pulando: [paixao-pelas-almas #3] Capítulo 3 PARTO DE ALMA
· já tem leitura, pulando: [paixao-pelas-almas #4] Capítulo 4 PODER DO ALTO
· já tem leitura, pulando: [paixao-pelas-almas #5] Capítulo 5 CONVICÇÃO DE PECADO
· já tem leitura, pulando: [paixao-pelas-almas #6] Capítulo 6 OBSTÁCULOS AO
· já tem leitura, pulando: [paixao-pelas-almas #7] Capítulo 7 FÉ PARA O REAVIVAMENTO
· já tem leitura, pulando: [paixao-pelas-almas #8] Capítulo 8 FOME DE REAVIVAMENTO
· já tem leitura, pulando: [paixao-pelas-almas #9] Capítulo 9 ESTÁ MORTO O EVANGELISMO?
· já tem leitura, pulando: [paixao-pelas-almas #10] Capítulo 10 A NECESSIDADE DO MOMENTO
· já tem leitura, pulando: [paixao-pelas-almas #11] Capítulo 11 EVANGELISMO: RESPOSTA DE DEUS A UM MUNDO QUE SOFRE
→ [paixao-pelas-almas #12] Capítulo 12 DEUS MANIFESTA SEU PODER — 13 pedaço(s), voz pt-BR-AntonioNeural (edge)
   · sintetizando 1/13…   · sintetizando 2/13…   · sintetizando 3/13…   · sintetizando 4/13…   · sintetizando 5/13…   · sintetizando 6/13…   · sintetizando 7/13…   · sintetizando 8/13…   · sintetizando 9/13…   · sintetizando 10/13…   · sintetizando 11/13…   · sintetizando 12/13…   · sintetizando 13/13…
  mp3: 10.5 MB → /Users/brunofernandes/Projects/ekballo-academy/scripts/leituras-geradas/paixao-pelas-almas-12.mp3
  ✓ publicado e gravado audio_leitura_url = audios-leitura/cd2f7e11-3210-4b63-8bd5-5df926d32bcd.mp3

=== Cristão Contagiante — 7 aulas ===
→ [cristao-contagiante #1] Capítulo 9 • Descubra a abordagem que combina com você ... 149 — 160 pedaço(s), voz pt-BR-AntonioNeural (edge)
   · sintetizando 1/160…   · sintetizando 2/160…   · sintetizando 3/160…   · sintetizando 4/160…   · sintetizando 5/160…   · sintetizando 6/160…   · sintetizando 7/160…   · sintetizando 8/160…   · sintetizando 9/160…   · sintetizando 10/160…   · sintetizando 11/160…   · sintetizando 12/160…   · sintetizando 13/160…   · sintetizando 14/160…   · sintetizando 15/160…   · sintetizando 16/160…   · sintetizando 17/160…   · sintetizando 18/160…   · sintetizando 19/160…   · sintetizando 20/160…   · sintetizando 21/160…   · sintetizando 22/160…   · sintetizando 23/160…   · sintetizando 24/160…   · sintetizando 25/160…   · sintetizando 26/160…   · sintetizando 27/160…   · sintetizando 28/160…   · sintetizando 29/160…   · sintetizando 30/160…   · sintetizando 31/160…   · sintetizando 32/160…   · sintetizando 33/160…   · sintetizando 34/160…   · sintetizando 35/160…   · sintetizando 36/160…   · sintetizando 37/160…   · sintetizando 38/160…   · sintetizando 39/160…   · sintetizando 40/160…   · sintetizando 41/160…   · sintetizando 42/160…   · sintetizando 43/160…   · sintetizando 44/160…   · sintetizando 45/160…   · sintetizando 46/160…   · sintetizando 47/160…   · sintetizando 48/160…   · sintetizando 49/160…   · sintetizando 50/160…   · sintetizando 51/160…   · sintetizando 52/160…   · sintetizando 53/160…   · sintetizando 54/160…   · sintetizando 55/160…   · sintetizando 56/160…   · sintetizando 57/160…   · sintetizando 58/160…   · sintetizando 59/160…   · sintetizando 60/160…   · sintetizando 61/160…   · sintetizando 62/160…   · sintetizando 63/160…   · sintetizando 64/160…   · sintetizando 65/160…   · sintetizando 66/160…   · sintetizando 67/160…   · sintetizando 68/160…   · sintetizando 69/160…   · sintetizando 70/160…   · sintetizando 71/160…   · sintetizando 72/160…   · sintetizando 73/160…   · sintetizando 74/160…   · sintetizando 75/160…   · sintetizando 76/160…   · sintetizando 77/160…   · sintetizando 78/160…   · sintetizando 79/160…   · sintetizando 80/160…   · sintetizando 81/160…   · sintetizando 82/160…   · sintetizando 83/160…   · sintetizando 84/160…   · sintetizando 85/160…   · sintetizando 86/160…   · sintetizando 87/160…   · sintetizando 88/160…   · sintetizando 89/160…   · sintetizando 90/160…   · sintetizando 91/160…   · sintetizando 92/160…   · sintetizando 93/160…   · sintetizando 94/160…   · sintetizando 95/160…   · sintetizando 96/160…   · sintetizando 97/160…   · sintetizando 98/160…   · sintetizando 99/160…   · sintetizando 100/160…   · sintetizando 101/160…   · sintetizando 102/160…   · sintetizando 103/160…   · sintetizando 104/160…   · sintetizando 105/160…   · sintetizando 106/160…   · sintetizando 107/160…   · sintetizando 108/160…   · sintetizando 109/160…   · sintetizando 110/160…   · sintetizando 111/160…   · sintetizando 112/160…   · sintetizando 113/160…   · sintetizando 114/160…   · sintetizando 115/160…   · sintetizando 116/160…   · sintetizando 117/160…   · sintetizando 118/160…   · sintetizando 119/160…   · sintetizando 120/160…   · sintetizando 121/160…   · sintetizando 122/160…   · sintetizando 123/160…   · sintetizando 124/160…   · sintetizando 125/160…   · sintetizando 126/160…   · sintetizando 127/160…   · sintetizando 128/160…   · sintetizando 129/160…   · sintetizando 130/160…   · sintetizando 131/160…   · sintetizando 132/160…   · sintetizando 133/160…   · sintetizando 134/160…   · sintetizando 135/160…   · sintetizando 136/160…   · sintetizando 137/160…   · sintetizando 138/160…   · sintetizando 139/160…   · sintetizando 140/160…